"id","status"
37716,"Normal"
17470,"Anxiety"
7630,"Anxiety"
9138,"Suicidal"
11713,"Suicidal"
23776,"Anxiety"
48484,"Anxiety"
706,"Anxiety"
7092,"Anxiety"
28385,"Depression"
24464,"Normal"
28093,"Depression"
32845,"Anxiety"
46718,"Normal"
13651,"Suicidal"
32079,"Depression"
43990,"Anxiety"
18565,"Normal"
30403,"Normal"
28057,"Depression"
30026,"Depression"
11533,"Suicidal"
35911,"Suicidal"
4892,"Depression"
28067,"Anxiety"
29173,"Suicidal"
46079,"Suicidal"
17802,"Anxiety"
41756,"Anxiety"
47799,"Depression"
26283,"Depression"
12940,"Anxiety"
28996,"Anxiety"
41735,"Normal"
34025,"Suicidal"
33211,"Suicidal"
13605,"Normal"
32104,"Depression"
6392,"Anxiety"
26881,"Normal"
17398,"Anxiety"
328,"Normal"
28034,"Suicidal"
10283,"Normal"
29931,"Anxiety"
9389,"Anxiety"
15432,"Anxiety"
39717,"Normal"
48921,"Depression"
40508,"Normal"
31879,"Suicidal"
48344,"Suicidal"
49201,"Anxiety"
27333,"Normal"
45822,"Suicidal"
46815,"Depression"
49135,"Depression"
25753,"Suicidal"
23272,"Normal"
44263,"Suicidal"
18170,"Anxiety"
4714,"Depression"
45921,"Depression"
28772,"Suicidal"
11474,"Anxiety"
41298,"Anxiety"
13221,"Depression"
5492,"Anxiety"
9387,"Depression"
1366,"Depression"
43908,"Suicidal"
17114,"Anxiety"
8224,"Anxiety"
19538,"Depression"
14102,"Normal"
35845,"Suicidal"
47423,"Suicidal"
47488,"Normal"
18428,"Anxiety"
37015,"Suicidal"
8708,"Anxiety"
28983,"Depression"
14921,"Suicidal"
22716,"Normal"
12467,"Suicidal"
335,"Depression"
46441,"Suicidal"
47351,"Anxiety"
43234,"Normal"
20672,"Depression"
43838,"Anxiety"
43281,"Suicidal"
21756,"Depression"
38451,"Depression"
235,"Normal"
35137,"Suicidal"
4096,"Anxiety"
35124,"Suicidal"
41419,"Suicidal"
46699,"Suicidal"
48837,"Normal"
18394,"Anxiety"
23486,"Suicidal"
35635,"Suicidal"
41490,"Suicidal"
11510,"Normal"
39465,"Suicidal"
47956,"Normal"
39810,"Normal"
29529,"Depression"
9107,"Depression"
26156,"Anxiety"
43661,"Anxiety"
5563,"Normal"
26758,"Depression"
41107,"Anxiety"
27717,"Depression"
22074,"Normal"
22060,"Depression"
35123,"Anxiety"
41430,"Normal"
11828,"Depression"
2128,"Normal"
2143,"Anxiety"
27174,"Anxiety"
41605,"Depression"
39956,"Suicidal"
44299,"Normal"
39774,"Depression"
35889,"Anxiety"
7588,"Normal"
40995,"Normal"
32440,"Normal"
29325,"Suicidal"
29457,"Depression"
228,"Normal"
29755,"Depression"
44362,"Anxiety"
37227,"Depression"
25614,"Suicidal"
9914,"Depression"
43810,"Depression"
44109,"Suicidal"
39972,"Depression"
19665,"Normal"
24556,"Anxiety"
22845,"Suicidal"
38155,"Anxiety"
15659,"Normal"
21524,"Suicidal"
17422,"Normal"
17791,"Suicidal"
18093,"Normal"
18899,"Normal"
45080,"Anxiety"
48816,"Normal"
45023,"Anxiety"
42049,"Depression"
37827,"Suicidal"
9456,"Normal"
19598,"Normal"
25156,"Normal"
28990,"Depression"
46093,"Anxiety"
37775,"Anxiety"
26165,"Anxiety"
29551,"Anxiety"
14982,"Depression"
11841,"Anxiety"
35274,"Suicidal"
41796,"Anxiety"
26009,"Suicidal"
41060,"Anxiety"
11526,"Depression"
40859,"Normal"
37530,"Normal"
35793,"Normal"
29643,"Anxiety"
41091,"Anxiety"
16425,"Normal"
12818,"Normal"
44713,"Depression"
27552,"Depression"
19160,"Suicidal"
7129,"Anxiety"
34390,"Suicidal"
23843,"Suicidal"
28052,"Suicidal"
7856,"Depression"
39406,"Normal"
34857,"Suicidal"
29130,"Suicidal"
13293,"Suicidal"
16158,"Anxiety"
13636,"Suicidal"
30976,"Depression"
36544,"Suicidal"
34076,"Anxiety"
15233,"Suicidal"
21868,"Anxiety"
27129,"Anxiety"
19993,"Depression"
8982,"Anxiety"
2833,"Suicidal"
46630,"Suicidal"
20567,"Anxiety"
27943,"Suicidal"
36609,"Normal"
45889,"Suicidal"
26545,"Suicidal"
4122,"Depression"
21177,"Normal"
15554,"Depression"
24032,"Depression"
15818,"Anxiety"
39832,"Anxiety"
44967,"Normal"
23840,"Depression"
39257,"Anxiety"
12115,"Anxiety"
19873,"Depression"
25777,"Anxiety"
32161,"Suicidal"
41894,"Suicidal"
1987,"Suicidal"
28459,"Normal"
18909,"Suicidal"
28484,"Depression"
18029,"Anxiety"
24458,"Anxiety"
39612,"Depression"
40598,"Depression"
7410,"Suicidal"
6833,"Normal"
8596,"Suicidal"
41034,"Depression"
36742,"Depression"
45396,"Suicidal"
10665,"Depression"
44416,"Anxiety"
34035,"Normal"
49239,"Suicidal"
14563,"Anxiety"
26455,"Normal"
34963,"Depression"
17618,"Normal"
28023,"Suicidal"
29188,"Depression"
36902,"Anxiety"
2095,"Suicidal"
13009,"Depression"
46308,"Anxiety"
2808,"Anxiety"
42027,"Normal"
22155,"Suicidal"
27827,"Anxiety"
25154,"Normal"
21996,"Normal"
1843,"Normal"
37585,"Anxiety"
38954,"Normal"
17535,"Anxiety"
44139,"Normal"
3723,"Normal"
36201,"Normal"
35207,"Suicidal"
29005,"Depression"
47272,"Normal"
13781,"Suicidal"
21000,"Depression"
46656,"Anxiety"
3804,"Normal"
5275,"Normal"
14645,"Normal"
40732,"Anxiety"
14652,"Depression"
28487,"Anxiety"
11793,"Normal"
47061,"Depression"
15769,"Suicidal"
10880,"Normal"
38731,"Anxiety"
41621,"Depression"
3586,"Suicidal"
46323,"Anxiety"
39518,"Depression"
39807,"Anxiety"
6483,"Anxiety"
21801,"Depression"
27720,"Normal"
852,"Normal"
46446,"Depression"
17309,"Normal"
13546,"Anxiety"
20245,"Anxiety"
13627,"Normal"
9557,"Anxiety"
38333,"Anxiety"
7698,"Suicidal"
29102,"Suicidal"
46816,"Anxiety"
32575,"Normal"
12400,"Depression"
30466,"Normal"
3632,"Suicidal"
43919,"Depression"
34761,"Anxiety"
36710,"Anxiety"
42001,"Anxiety"
44630,"Suicidal"
13814,"Depression"
13569,"Anxiety"
17248,"Anxiety"
134,"Anxiety"
13212,"Anxiety"
1732,"Suicidal"
38758,"Normal"
39968,"Normal"
42696,"Normal"
45032,"Depression"
43221,"Suicidal"
10723,"Normal"
25583,"Normal"
45466,"Anxiety"
41844,"Suicidal"
44902,"Normal"
13041,"Depression"
42845,"Suicidal"
11445,"Depression"
45356,"Suicidal"
16569,"Anxiety"
13747,"Suicidal"
19050,"Anxiety"
17180,"Suicidal"
30606,"Suicidal"
11889,"Suicidal"
19587,"Suicidal"
46583,"Anxiety"
13585,"Normal"
44886,"Suicidal"
13920,"Normal"
20161,"Depression"
44846,"Depression"
48981,"Suicidal"
25456,"Suicidal"
608,"Anxiety"
16172,"Depression"
17887,"Suicidal"
3296,"Anxiety"
37483,"Suicidal"
44425,"Normal"
15728,"Anxiety"
40450,"Depression"
40171,"Normal"
49062,"Depression"
49388,"Normal"
3075,"Anxiety"
37579,"Anxiety"
34196,"Anxiety"
34714,"Normal"
38384,"Suicidal"
16811,"Depression"
19455,"Anxiety"
28336,"Depression"
28619,"Normal"
42749,"Anxiety"
568,"Anxiety"
19092,"Suicidal"
42894,"Depression"
7231,"Suicidal"
35193,"Suicidal"
348,"Normal"
27786,"Depression"
38829,"Normal"
40208,"Suicidal"
47552,"Depression"
31600,"Anxiety"
4512,"Anxiety"
24490,"Anxiety"
42348,"Anxiety"
25850,"Normal"
47203,"Depression"
33283,"Anxiety"
40813,"Normal"
28253,"Depression"
49199,"Normal"
18937,"Suicidal"
1325,"Suicidal"
44717,"Depression"
33739,"Anxiety"
28804,"Normal"
28214,"Anxiety"
26582,"Normal"
29076,"Anxiety"
13773,"Suicidal"
46709,"Anxiety"
49351,"Anxiety"
11694,"Depression"
38249,"Anxiety"
375,"Normal"
67,"Normal"
34760,"Normal"
41405,"Suicidal"
39234,"Anxiety"
47783,"Suicidal"
47505,"Suicidal"
3372,"Anxiety"
39375,"Suicidal"
38836,"Suicidal"
15468,"Anxiety"
16308,"Depression"
43832,"Anxiety"
30568,"Normal"
44504,"Anxiety"
48379,"Depression"
32898,"Anxiety"
34494,"Normal"
17036,"Anxiety"
28467,"Depression"
39199,"Depression"
3199,"Normal"
1504,"Suicidal"
38260,"Anxiety"
33699,"Depression"
5726,"Suicidal"
41444,"Suicidal"
25014,"Depression"
20823,"Normal"
44368,"Normal"
3738,"Normal"
24162,"Depression"
5159,"Suicidal"
6249,"Anxiety"
44220,"Anxiety"
6691,"Normal"
40571,"Normal"
47060,"Normal"
29374,"Normal"
46249,"Anxiety"
35091,"Anxiety"
28839,"Anxiety"
9804,"Depression"
48129,"Suicidal"
42440,"Depression"
47017,"Suicidal"
38735,"Anxiety"
44519,"Anxiety"
9254,"Depression"
39109,"Depression"
27103,"Depression"
16402,"Depression"
20047,"Normal"
25161,"Normal"
44107,"Suicidal"
39413,"Anxiety"
16074,"Depression"
9113,"Anxiety"
99,"Normal"
30773,"Normal"
9733,"Depression"
18798,"Depression"
7795,"Normal"
48865,"Depression"
49561,"Anxiety"
29925,"Depression"
30998,"Depression"
19552,"Normal"
28567,"Normal"
39136,"Normal"
9660,"Anxiety"
25727,"Anxiety"
31097,"Suicidal"
31920,"Suicidal"
17295,"Suicidal"
29218,"Anxiety"
5418,"Depression"
40717,"Anxiety"
31962,"Normal"
5798,"Anxiety"
32368,"Normal"
45894,"Depression"
17193,"Normal"
43904,"Anxiety"
31480,"Depression"
43944,"Anxiety"
36380,"Anxiety"
9463,"Depression"
17222,"Anxiety"
6611,"Depression"
46134,"Normal"
42796,"Depression"
18480,"Normal"
17319,"Suicidal"
9513,"Depression"
49337,"Suicidal"
36382,"Anxiety"
34501,"Anxiety"
31755,"Suicidal"
28210,"Normal"
4633,"Normal"
42289,"Suicidal"
19010,"Depression"
24081,"Normal"
27873,"Depression"
19025,"Anxiety"
7811,"Suicidal"
39382,"Suicidal"
15656,"Depression"
473,"Suicidal"
12880,"Normal"
15693,"Normal"
2791,"Suicidal"
40993,"Anxiety"
35208,"Depression"
26566,"Depression"
41287,"Suicidal"
48454,"Normal"
14080,"Suicidal"
8875,"Anxiety"
37357,"Depression"
369,"Anxiety"
44207,"Suicidal"
22865,"Suicidal"
15460,"Depression"
2271,"Suicidal"
38772,"Normal"
47866,"Depression"
30996,"Depression"
17873,"Suicidal"
4259,"Anxiety"
43673,"Suicidal"
21633,"Suicidal"
28635,"Normal"
32541,"Depression"
11824,"Normal"
26395,"Anxiety"
13090,"Anxiety"
22387,"Normal"
37518,"Depression"
7036,"Normal"
1374,"Anxiety"
8954,"Depression"
13545,"Suicidal"
11104,"Normal"
31473,"Anxiety"
46217,"Normal"
26982,"Normal"
29886,"Depression"
968,"Depression"
45573,"Normal"
543,"Anxiety"
30266,"Anxiety"
21403,"Normal"
16741,"Suicidal"
41630,"Suicidal"
24999,"Depression"
20008,"Depression"
38340,"Normal"
17355,"Normal"
46265,"Normal"
6053,"Suicidal"
31932,"Anxiety"
1516,"Anxiety"
29849,"Anxiety"
37,"Suicidal"
12819,"Suicidal"
211,"Depression"
11206,"Depression"
11569,"Suicidal"
44224,"Suicidal"
2119,"Suicidal"
36148,"Normal"
20755,"Suicidal"
46354,"Normal"
47875,"Anxiety"
44831,"Anxiety"
8422,"Suicidal"
4509,"Anxiety"
29464,"Suicidal"
590,"Anxiety"
14917,"Depression"
19194,"Depression"
26416,"Anxiety"
41215,"Anxiety"
12363,"Normal"
29918,"Normal"
29541,"Anxiety"
28952,"Suicidal"
44814,"Suicidal"
4928,"Anxiety"
21457,"Anxiety"
18730,"Normal"
20399,"Depression"
45191,"Depression"
12754,"Normal"
2423,"Normal"
40994,"Normal"
25946,"Depression"
42280,"Normal"
39503,"Normal"
7672,"Depression"
25459,"Anxiety"
37523,"Suicidal"
26227,"Anxiety"
5621,"Suicidal"
27482,"Normal"
3765,"Anxiety"
14035,"Suicidal"
8416,"Suicidal"
22342,"Anxiety"
32400,"Depression"
30505,"Suicidal"
700,"Normal"
44514,"Normal"
45910,"Suicidal"
15043,"Depression"
404,"Suicidal"
47387,"Suicidal"
34844,"Anxiety"
5797,"Depression"
39905,"Anxiety"
39241,"Suicidal"
12601,"Depression"
43609,"Normal"
46113,"Suicidal"
7749,"Anxiety"
28332,"Normal"
16939,"Suicidal"
14480,"Normal"
44136,"Anxiety"
41346,"Anxiety"
23420,"Anxiety"
48727,"Depression"
34489,"Anxiety"
1949,"Depression"
18541,"Anxiety"
45019,"Suicidal"
290,"Suicidal"
32473,"Depression"
34209,"Depression"
48968,"Anxiety"
28351,"Normal"
44467,"Normal"
33397,"Anxiety"
41816,"Suicidal"
15581,"Anxiety"
42318,"Depression"
5440,"Suicidal"
13935,"Depression"
38376,"Suicidal"
32701,"Normal"
1964,"Suicidal"
39387,"Anxiety"
28792,"Suicidal"
14065,"Depression"
25615,"Normal"
24271,"Depression"
16209,"Suicidal"
4085,"Anxiety"
34422,"Depression"
5453,"Depression"
46008,"Normal"
32025,"Depression"
23301,"Depression"
45847,"Suicidal"
38860,"Normal"
40912,"Normal"
45985,"Anxiety"
47479,"Normal"
7073,"Depression"
49285,"Anxiety"
48855,"Depression"
45476,"Normal"
26678,"Normal"
28715,"Anxiety"
35972,"Depression"
35250,"Anxiety"
8512,"Suicidal"
32228,"Depression"
37121,"Normal"
9574,"Suicidal"
37872,"Suicidal"
36647,"Depression"
39429,"Anxiety"
40319,"Suicidal"
98,"Normal"
429,"Suicidal"
16618,"Normal"
24886,"Anxiety"
30997,"Anxiety"
6,"Normal"
33034,"Anxiety"
39481,"Depression"
38179,"Anxiety"
31841,"Normal"
43526,"Normal"
31639,"Normal"
33105,"Suicidal"
12044,"Depression"
6865,"Anxiety"
20363,"Anxiety"
48012,"Suicidal"
7787,"Normal"
2546,"Anxiety"
42160,"Anxiety"
11167,"Depression"
5966,"Anxiety"
2611,"Suicidal"
10037,"Normal"
3903,"Anxiety"
508,"Suicidal"
2944,"Depression"
13741,"Depression"
45600,"Normal"
19107,"Suicidal"
1623,"Anxiety"
18443,"Depression"
45814,"Anxiety"
32504,"Anxiety"
47430,"Suicidal"
31729,"Anxiety"
10079,"Normal"
41791,"Suicidal"
46348,"Anxiety"
12822,"Normal"
12028,"Depression"
39704,"Depression"
11128,"Suicidal"
41326,"Suicidal"
34144,"Depression"
47681,"Suicidal"
14700,"Depression"
11,"Normal"
48870,"Suicidal"
47233,"Anxiety"
46817,"Depression"
30183,"Normal"
39980,"Depression"
39737,"Anxiety"
43718,"Depression"
40541,"Depression"
16099,"Suicidal"
7328,"Depression"
4156,"Anxiety"
25981,"Normal"
46309,"Suicidal"
12325,"Normal"
6851,"Normal"
14187,"Suicidal"
39672,"Normal"
34001,"Normal"
28599,"Anxiety"
19000,"Anxiety"
24095,"Depression"
17678,"Normal"
17773,"Normal"
27947,"Suicidal"
3926,"Normal"
33829,"Anxiety"
47374,"Normal"
16691,"Anxiety"
45003,"Suicidal"
1873,"Suicidal"
15495,"Normal"
46678,"Suicidal"
18805,"Anxiety"
38012,"Depression"
8113,"Suicidal"
42159,"Normal"
18020,"Suicidal"
37453,"Depression"
71,"Depression"
42425,"Normal"
20014,"Normal"
14147,"Suicidal"
28182,"Suicidal"
28435,"Suicidal"
18869,"Depression"
30974,"Suicidal"
22330,"Normal"
39789,"Normal"
8491,"Normal"
672,"Normal"
48438,"Depression"
1885,"Anxiety"
38095,"Depression"
42014,"Anxiety"
43690,"Suicidal"
33518,"Anxiety"
39576,"Depression"
26256,"Normal"
35695,"Normal"
10954,"Suicidal"
40832,"Anxiety"
22925,"Anxiety"
39533,"Anxiety"
29019,"Anxiety"
44883,"Normal"
49098,"Depression"
10589,"Anxiety"
29749,"Normal"
18674,"Normal"
13316,"Suicidal"
9238,"Anxiety"
42449,"Depression"
45154,"Anxiety"
48648,"Depression"
28695,"Suicidal"
20977,"Anxiety"
4939,"Normal"
10788,"Depression"
25622,"Depression"
39991,"Suicidal"
29192,"Depression"
41522,"Depression"
8228,"Suicidal"
37038,"Depression"
30269,"Suicidal"
30399,"Normal"
11169,"Normal"
46696,"Suicidal"
26129,"Normal"
47498,"Anxiety"
30694,"Anxiety"
9365,"Suicidal"
25129,"Anxiety"
6928,"Anxiety"
12598,"Suicidal"
28156,"Normal"
8186,"Suicidal"
33415,"Suicidal"
17453,"Anxiety"
5545,"Suicidal"
11320,"Normal"
16283,"Normal"
15484,"Depression"
1515,"Depression"
28107,"Normal"
17334,"Normal"
43725,"Normal"
47076,"Depression"
49463,"Suicidal"
8946,"Suicidal"
7584,"Normal"
13752,"Depression"
23127,"Depression"
48467,"Suicidal"
549,"Normal"
34294,"Anxiety"
14540,"Normal"
29961,"Normal"
45751,"Normal"
40663,"Suicidal"
31998,"Normal"
7590,"Depression"
39431,"Suicidal"
36364,"Anxiety"
38886,"Depression"
2448,"Suicidal"
43684,"Anxiety"
38300,"Depression"
39222,"Suicidal"
15056,"Anxiety"
24864,"Depression"
39834,"Depression"
12741,"Anxiety"
32944,"Normal"
20579,"Normal"
19213,"Suicidal"
13801,"Anxiety"
48795,"Suicidal"
44183,"Normal"
17998,"Suicidal"
27985,"Normal"
18733,"Suicidal"
48075,"Suicidal"
17743,"Anxiety"
41338,"Depression"
46902,"Suicidal"
44254,"Anxiety"
12031,"Depression"
13624,"Depression"
29805,"Normal"
28286,"Depression"
21184,"Anxiety"
19735,"Suicidal"
3536,"Normal"
16458,"Suicidal"
28547,"Anxiety"
11036,"Suicidal"
39745,"Depression"
18430,"Suicidal"
5799,"Suicidal"
27159,"Suicidal"
38360,"Anxiety"
13190,"Normal"
14464,"Normal"
4439,"Suicidal"
35577,"Anxiety"
39859,"Suicidal"
13422,"Depression"
302,"Depression"
39122,"Anxiety"
27789,"Suicidal"
25407,"Suicidal"
33579,"Suicidal"
10491,"Suicidal"
32705,"Normal"
40276,"Normal"
18431,"Suicidal"
33032,"Suicidal"
38720,"Depression"
43450,"Normal"
45774,"Suicidal"
25209,"Suicidal"
40070,"Depression"
7573,"Anxiety"
13455,"Suicidal"
28411,"Normal"
884,"Normal"
47549,"Suicidal"
2035,"Anxiety"
49421,"Anxiety"
39250,"Depression"
1583,"Depression"
38474,"Normal"
28764,"Anxiety"
40630,"Anxiety"
26138,"Anxiety"
31904,"Suicidal"
28588,"Suicidal"
21501,"Anxiety"
45204,"Suicidal"
37085,"Anxiety"
39639,"Depression"
20398,"Suicidal"
16059,"Suicidal"
11634,"Normal"
38987,"Depression"
10138,"Anxiety"
40062,"Anxiety"
31575,"Depression"
30125,"Normal"
12881,"Depression"
16241,"Normal"
8435,"Depression"
10749,"Anxiety"
32618,"Anxiety"
27061,"Depression"
40220,"Depression"
46501,"Depression"
37084,"Anxiety"
32399,"Suicidal"
48772,"Normal"
8218,"Suicidal"
24180,"Normal"
15918,"Anxiety"
36270,"Depression"
38289,"Anxiety"
16204,"Suicidal"
35673,"Suicidal"
40847,"Anxiety"
39816,"Suicidal"
2370,"Depression"
42321,"Normal"
19254,"Anxiety"
17308,"Anxiety"
46881,"Normal"
17898,"Suicidal"
40177,"Anxiety"
15055,"Depression"
11080,"Anxiety"
14954,"Suicidal"
29196,"Normal"
27223,"Suicidal"
2884,"Depression"
6020,"Depression"
19857,"Normal"
42832,"Depression"
31662,"Anxiety"
12203,"Anxiety"
11679,"Depression"
45279,"Anxiety"
28625,"Suicidal"
381,"Anxiety"
42265,"Anxiety"
36022,"Depression"
43582,"Suicidal"
22056,"Depression"
3461,"Suicidal"
9098,"Normal"
20104,"Suicidal"
35666,"Depression"
32229,"Anxiety"
24533,"Suicidal"
13099,"Anxiety"
49297,"Normal"
24407,"Normal"
21686,"Depression"
12553,"Suicidal"
12504,"Suicidal"
39844,"Depression"
21007,"Anxiety"
49591,"Normal"
32613,"Normal"
47963,"Normal"
28188,"Anxiety"
41670,"Depression"
2609,"Anxiety"
47840,"Normal"
10617,"Normal"
26580,"Suicidal"
16808,"Normal"
42861,"Suicidal"
17718,"Normal"
21137,"Depression"
4146,"Anxiety"
48069,"Normal"
35575,"Suicidal"
35569,"Depression"
48305,"Anxiety"
30880,"Depression"
26524,"Suicidal"
28302,"Anxiety"
24869,"Depression"
29127,"Suicidal"
45367,"Suicidal"
13397,"Normal"
8873,"Normal"
27787,"Anxiety"
21486,"Normal"
34342,"Normal"
19813,"Suicidal"
45508,"Normal"
48165,"Anxiety"
12147,"Suicidal"
39608,"Depression"
39446,"Normal"
45778,"Anxiety"
14105,"Depression"
12972,"Anxiety"
39447,"Anxiety"
1951,"Depression"
2386,"Normal"
22790,"Depression"
614,"Depression"
11070,"Suicidal"
9509,"Anxiety"
10240,"Depression"
28046,"Depression"
47310,"Depression"
43932,"Anxiety"
29860,"Depression"
36149,"Anxiety"
46994,"Normal"
35809,"Anxiety"
6996,"Depression"
15733,"Normal"
45930,"Depression"
24721,"Depression"
21678,"Suicidal"
3634,"Normal"
32785,"Suicidal"
42956,"Normal"
26757,"Normal"
13587,"Depression"
2842,"Anxiety"
2246,"Depression"
9764,"Depression"
25001,"Anxiety"
14492,"Suicidal"
45791,"Anxiety"
31378,"Normal"
6437,"Anxiety"
23780,"Depression"
19157,"Suicidal"
28108,"Anxiety"
49533,"Suicidal"
15825,"Depression"
15518,"Depression"
25665,"Anxiety"
45007,"Suicidal"
3712,"Depression"
37525,"Normal"
4371,"Depression"
47318,"Anxiety"
20156,"Anxiety"
4393,"Suicidal"
28086,"Normal"
43622,"Suicidal"
32532,"Depression"
27384,"Normal"
13486,"Anxiety"
76,"Normal"
23512,"Depression"
14611,"Normal"
20858,"Depression"
7441,"Suicidal"
22392,"Depression"
4363,"Depression"
13074,"Normal"
29739,"Anxiety"
25462,"Normal"
23545,"Suicidal"
18802,"Depression"
28387,"Anxiety"
35961,"Suicidal"
19867,"Depression"
28910,"Normal"
29972,"Anxiety"
27934,"Depression"
17528,"Normal"
46059,"Depression"
6801,"Normal"
30074,"Depression"
36,"Suicidal"
3263,"Normal"
1943,"Anxiety"
27991,"Normal"
11438,"Anxiety"
39527,"Suicidal"
36250,"Normal"
14211,"Suicidal"
44901,"Suicidal"
33274,"Depression"
48910,"Anxiety"
14205,"Anxiety"
2789,"Suicidal"
11175,"Normal"
37823,"Normal"
17386,"Anxiety"
28633,"Suicidal"
17395,"Anxiety"
8626,"Normal"
38461,"Normal"
19637,"Suicidal"
46757,"Normal"
29193,"Depression"
23757,"Suicidal"
48759,"Normal"
32109,"Suicidal"
546,"Anxiety"
48652,"Normal"
39772,"Anxiety"
38594,"Anxiety"
6273,"Suicidal"
37052,"Anxiety"
11053,"Anxiety"
18918,"Anxiety"
39955,"Normal"
39937,"Depression"
31475,"Suicidal"
35403,"Depression"
29836,"Suicidal"
44824,"Suicidal"
11218,"Anxiety"
42333,"Anxiety"
7922,"Anxiety"
40683,"Suicidal"
45419,"Anxiety"
48182,"Suicidal"
40292,"Anxiety"
49127,"Depression"
33091,"Normal"
40860,"Depression"
28971,"Suicidal"
18878,"Normal"
374,"Depression"
21328,"Suicidal"
10364,"Normal"
26169,"Normal"
3758,"Suicidal"
39748,"Normal"
28981,"Anxiety"
49166,"Suicidal"
21121,"Depression"
33986,"Suicidal"
8698,"Suicidal"
2190,"Depression"
44868,"Suicidal"
4770,"Depression"
48444,"Depression"
42110,"Suicidal"
45779,"Depression"
48056,"Depression"
48684,"Normal"
27040,"Anxiety"
47343,"Normal"
47805,"Anxiety"
28728,"Anxiety"
20345,"Normal"
33839,"Normal"
6692,"Anxiety"
16190,"Anxiety"
17683,"Anxiety"
38797,"Suicidal"
9364,"Depression"
234,"Normal"
23554,"Suicidal"
38686,"Anxiety"
17793,"Normal"
42561,"Depression"
12389,"Normal"
3886,"Depression"
39815,"Depression"
36643,"Suicidal"
39464,"Anxiety"
18925,"Normal"
42176,"Normal"
21463,"Anxiety"
33474,"Anxiety"
39636,"Depression"
32169,"Normal"
11695,"Normal"
18179,"Suicidal"
13187,"Anxiety"
9470,"Normal"
26259,"Depression"
42436,"Depression"
43263,"Depression"
22408,"Normal"
28726,"Anxiety"
14012,"Anxiety"
7857,"Normal"
20165,"Anxiety"
21359,"Normal"
16420,"Depression"
28458,"Normal"
47939,"Anxiety"
15807,"Suicidal"
45877,"Depression"
44304,"Anxiety"
11718,"Suicidal"
15448,"Normal"
46150,"Depression"
27966,"Anxiety"
17570,"Suicidal"
31494,"Anxiety"
33000,"Normal"
4940,"Normal"
40938,"Anxiety"
7430,"Suicidal"
29041,"Suicidal"
12986,"Normal"
13622,"Normal"
21204,"Depression"
40091,"Normal"
221,"Anxiety"
39638,"Depression"
24534,"Suicidal"
33678,"Suicidal"
12564,"Depression"
11717,"Anxiety"
17537,"Depression"
43316,"Anxiety"
43985,"Depression"
20692,"Depression"
3419,"Anxiety"
41009,"Suicidal"
41139,"Normal"
33384,"Normal"
34459,"Suicidal"
8663,"Depression"
44908,"Suicidal"
4005,"Anxiety"
46945,"Normal"
49129,"Suicidal"
13403,"Normal"
4919,"Depression"
47317,"Normal"
14929,"Suicidal"
38762,"Anxiety"
16961,"Normal"
9994,"Anxiety"
39173,"Normal"
11988,"Depression"
39823,"Suicidal"
41092,"Depression"
18389,"Suicidal"
17497,"Depression"
39180,"Anxiety"
637,"Anxiety"
28894,"Anxiety"
10490,"Normal"
25897,"Suicidal"
17990,"Suicidal"
20598,"Suicidal"
7879,"Suicidal"
38312,"Anxiety"
10916,"Suicidal"
28042,"Normal"
2464,"Anxiety"
29050,"Normal"
28569,"Depression"
9892,"Anxiety"
16710,"Anxiety"
1804,"Anxiety"
45767,"Anxiety"
12433,"Normal"
23852,"Anxiety"
46665,"Normal"
19910,"Depression"
11041,"Suicidal"
984,"Normal"
27459,"Normal"
552,"Anxiety"
23915,"Anxiety"
46175,"Depression"
39536,"Depression"
15271,"Normal"
35768,"Normal"
41063,"Depression"
27964,"Anxiety"
44949,"Anxiety"
24435,"Normal"
31710,"Normal"
40670,"Suicidal"
10075,"Depression"
24900,"Suicidal"
2076,"Depression"
28982,"Suicidal"
26240,"Depression"
24688,"Suicidal"
48357,"Depression"
20546,"Anxiety"
48541,"Suicidal"
29007,"Depression"
14032,"Suicidal"
15549,"Normal"
2357,"Anxiety"
41194,"Suicidal"
22645,"Suicidal"
563,"Depression"
44043,"Anxiety"
8475,"Depression"
45748,"Suicidal"
22724,"Normal"
17685,"Normal"
16780,"Anxiety"
48786,"Depression"
5508,"Normal"
26584,"Depression"
337,"Normal"
47422,"Normal"
13330,"Anxiety"
44406,"Normal"
43457,"Anxiety"
28035,"Suicidal"
20763,"Normal"
30893,"Normal"
34786,"Normal"
1849,"Normal"
32724,"Normal"
331,"Normal"
31964,"Normal"
27998,"Anxiety"
26462,"Suicidal"
38568,"Depression"
15793,"Suicidal"
276,"Anxiety"
27110,"Suicidal"
12545,"Anxiety"
49303,"Anxiety"
16638,"Anxiety"
39485,"Anxiety"
39758,"Depression"
33947,"Anxiety"
24441,"Anxiety"
11616,"Normal"
16540,"Normal"
17996,"Normal"
23712,"Suicidal"
32081,"Depression"
21876,"Normal"
43786,"Suicidal"
41417,"Suicidal"
42806,"Anxiety"
18940,"Suicidal"
23365,"Normal"
18412,"Anxiety"
22001,"Suicidal"
39474,"Depression"
340,"Depression"
535,"Suicidal"
32463,"Suicidal"
28900,"Normal"
20005,"Depression"
39712,"Depression"
24125,"Depression"
13577,"Anxiety"
22895,"Suicidal"
43717,"Normal"
48278,"Depression"
12040,"Anxiety"
2450,"Normal"
15339,"Suicidal"
14997,"Anxiety"
19217,"Depression"
14904,"Anxiety"
43088,"Suicidal"
571,"Normal"
46116,"Normal"
111,"Depression"
34781,"Suicidal"
294,"Anxiety"
11585,"Suicidal"
27450,"Suicidal"
343,"Normal"
19481,"Normal"
13319,"Suicidal"
39251,"Suicidal"
2224,"Normal"
41646,"Normal"
10003,"Suicidal"
12,"Normal"
41570,"Normal"
40557,"Normal"
14521,"Depression"
25038,"Suicidal"
15661,"Normal"
194,"Suicidal"
45947,"Depression"
27772,"Anxiety"
39966,"Suicidal"
32938,"Suicidal"
15081,"Suicidal"
19044,"Depression"
16538,"Suicidal"
28089,"Depression"
36895,"Suicidal"
18976,"Suicidal"
7524,"Suicidal"
49580,"Depression"
15312,"Normal"
28122,"Depression"
29,"Suicidal"
30478,"Suicidal"
16501,"Depression"
44402,"Depression"
33247,"Suicidal"
14349,"Normal"
39281,"Normal"
7735,"Anxiety"
30834,"Suicidal"
48274,"Anxiety"
29288,"Anxiety"
334,"Depression"
42547,"Anxiety"
47907,"Suicidal"
354,"Suicidal"
5803,"Depression"
39931,"Normal"
19946,"Anxiety"
25610,"Depression"
7648,"Suicidal"
46858,"Anxiety"
9780,"Normal"
43633,"Depression"
29871,"Suicidal"
32614,"Suicidal"
6872,"Anxiety"
7908,"Depression"
17817,"Normal"
41871,"Normal"
29024,"Suicidal"
11980,"Suicidal"
118,"Suicidal"
22044,"Normal"
43691,"Suicidal"
19998,"Normal"
13451,"Depression"
7622,"Depression"
24611,"Anxiety"
7099,"Normal"
44627,"Anxiety"
15349,"Depression"
5537,"Suicidal"
28090,"Anxiety"
47586,"Suicidal"
30250,"Normal"
21668,"Normal"
32597,"Suicidal"
25406,"Normal"
49395,"Anxiety"
649,"Depression"
14016,"Normal"
36613,"Depression"
41294,"Normal"
25533,"Normal"
49235,"Suicidal"
44198,"Suicidal"
342,"Normal"
13215,"Depression"
4178,"Anxiety"
48297,"Normal"
37617,"Anxiety"
16427,"Anxiety"
13365,"Suicidal"
17910,"Suicidal"
41420,"Anxiety"
29668,"Normal"
36400,"Depression"
30781,"Suicidal"
4607,"Depression"
35693,"Normal"
1977,"Anxiety"
4302,"Depression"
28808,"Depression"
38835,"Depression"
36938,"Normal"
49535,"Suicidal"
48015,"Normal"
46293,"Anxiety"
24092,"Anxiety"
17559,"Anxiety"
33279,"Suicidal"
17283,"Depression"
28279,"Anxiety"
19602,"Suicidal"
723,"Suicidal"
31929,"Suicidal"
564,"Normal"
29564,"Anxiety"
1693,"Anxiety"
33420,"Depression"
23543,"Normal"
15029,"Suicidal"
32570,"Anxiety"
4731,"Anxiety"
7404,"Normal"
3234,"Anxiety"
40500,"Depression"
49080,"Anxiety"
21108,"Suicidal"
43999,"Depression"
42671,"Normal"
43801,"Depression"
13426,"Normal"
16192,"Anxiety"
21374,"Anxiety"
8917,"Suicidal"
10074,"Depression"
42237,"Suicidal"
862,"Suicidal"
40738,"Depression"
11837,"Depression"
26935,"Normal"
8362,"Normal"
15965,"Depression"
39646,"Anxiety"
46772,"Suicidal"
44443,"Suicidal"
39934,"Anxiety"
3076,"Anxiety"
3200,"Anxiety"
11285,"Normal"
52,"Anxiety"
24715,"Anxiety"
4289,"Normal"
33296,"Depression"
15705,"Normal"
518,"Depression"
43693,"Normal"
43980,"Anxiety"
35307,"Depression"
28928,"Anxiety"
8577,"Suicidal"
41998,"Suicidal"
39658,"Depression"
25823,"Anxiety"
14154,"Depression"
28414,"Depression"
484,"Normal"
44234,"Depression"
8581,"Suicidal"
30934,"Suicidal"
16776,"Anxiety"
1130,"Suicidal"
28028,"Normal"
40082,"Suicidal"
9872,"Anxiety"
5977,"Anxiety"
34876,"Anxiety"
41691,"Normal"
5908,"Normal"
17859,"Anxiety"
31596,"Anxiety"
47472,"Depression"
8789,"Anxiety"
36984,"Suicidal"
21225,"Depression"
23971,"Anxiety"
47512,"Suicidal"
5204,"Anxiety"
5766,"Suicidal"
13080,"Depression"
10438,"Normal"
25598,"Normal"
34473,"Normal"
49574,"Anxiety"
12782,"Normal"
32608,"Normal"
1735,"Anxiety"
38227,"Anxiety"
31158,"Normal"
15267,"Depression"
9490,"Anxiety"
47340,"Normal"
34880,"Suicidal"
22406,"Depression"
29259,"Depression"
7750,"Anxiety"
30898,"Normal"
28509,"Suicidal"
39633,"Suicidal"
42058,"Suicidal"
5985,"Anxiety"
29324,"Suicidal"
39723,"Suicidal"
12362,"Normal"
40233,"Anxiety"
2947,"Anxiety"
43600,"Normal"
31499,"Suicidal"
43834,"Depression"
3770,"Anxiety"
19630,"Depression"
6889,"Suicidal"
42618,"Normal"
39098,"Anxiety"
39012,"Depression"
35975,"Normal"
31239,"Suicidal"
45805,"Anxiety"
29168,"Normal"
37849,"Normal"
43166,"Normal"
30798,"Normal"
48499,"Normal"
20818,"Depression"
17263,"Normal"
39048,"Depression"
31319,"Anxiety"
147,"Suicidal"
14059,"Suicidal"
35549,"Normal"
44832,"Depression"
3210,"Anxiety"
45087,"Anxiety"
17679,"Normal"
17591,"Anxiety"
1831,"Anxiety"
10247,"Normal"
47640,"Suicidal"
47770,"Normal"
5429,"Suicidal"
12183,"Anxiety"
18493,"Normal"
28638,"Anxiety"
10313,"Anxiety"
23989,"Normal"
43615,"Depression"
24969,"Normal"
10068,"Depression"
14475,"Anxiety"
24238,"Anxiety"
39890,"Suicidal"
27856,"Depression"
28331,"Normal"
43317,"Normal"
28830,"Suicidal"
18407,"Normal"
15386,"Anxiety"
14473,"Normal"
46715,"Anxiety"
29845,"Depression"
21029,"Anxiety"
11012,"Anxiety"
44192,"Depression"
25130,"Suicidal"
20467,"Anxiety"
8496,"Suicidal"
18741,"Suicidal"
29133,"Normal"
39297,"Normal"
4529,"Suicidal"
20538,"Depression"
1498,"Depression"
49132,"Suicidal"
10242,"Normal"
6860,"Depression"
500,"Depression"
39514,"Normal"
17657,"Depression"
28709,"Suicidal"
40425,"Anxiety"
47196,"Normal"
11004,"Anxiety"
47862,"Anxiety"
23300,"Normal"
42634,"Anxiety"
36161,"Suicidal"
39393,"Normal"
6121,"Anxiety"
45412,"Anxiety"
44691,"Depression"
46943,"Suicidal"
20159,"Anxiety"
8845,"Suicidal"
39718,"Suicidal"
28129,"Depression"
32834,"Suicidal"
15770,"Depression"
19285,"Depression"
18743,"Suicidal"
39899,"Normal"
39877,"Normal"
39101,"Anxiety"
14055,"Normal"
38897,"Suicidal"
44213,"Normal"
25419,"Suicidal"
17785,"Depression"
13399,"Anxiety"
41808,"Normal"
18380,"Suicidal"
8263,"Depression"
42883,"Normal"
1229,"Anxiety"
20720,"Normal"
530,"Anxiety"
17629,"Depression"
33963,"Suicidal"
28903,"Depression"
25404,"Depression"
14359,"Suicidal"
48099,"Depression"
45226,"Anxiety"
7446,"Suicidal"
47236,"Suicidal"
14018,"Normal"
33006,"Normal"
20954,"Suicidal"
866,"Depression"
13390,"Suicidal"
368,"Suicidal"
29305,"Anxiety"
40260,"Suicidal"
24046,"Anxiety"
403,"Suicidal"
25394,"Depression"
1413,"Anxiety"
5658,"Normal"
31718,"Anxiety"
25362,"Depression"
40678,"Normal"
24731,"Depression"
41186,"Normal"
43071,"Depression"
22431,"Suicidal"
18762,"Suicidal"
19324,"Anxiety"
9,"Normal"
14358,"Normal"
36035,"Normal"
39803,"Anxiety"
16957,"Depression"
11939,"Normal"
4647,"Suicidal"
39207,"Depression"
45777,"Depression"
11508,"Normal"
30282,"Normal"
16914,"Suicidal"
20962,"Depression"
20741,"Normal"
10367,"Anxiety"
5337,"Normal"
13924,"Depression"
39887,"Suicidal"
10157,"Anxiety"
49403,"Depression"
40116,"Suicidal"
34238,"Anxiety"
45011,"Suicidal"
11117,"Normal"
4155,"Anxiety"
6500,"Depression"
12671,"Depression"
47030,"Anxiety"
30142,"Suicidal"
8245,"Depression"
43539,"Normal"
12491,"Depression"
45687,"Depression"
43453,"Depression"
41603,"Anxiety"
28486,"Depression"
8031,"Anxiety"
8806,"Anxiety"
7886,"Anxiety"
17959,"Normal"
40974,"Normal"
24506,"Normal"
1579,"Normal"
41930,"Suicidal"
10746,"Normal"
25128,"Suicidal"
46646,"Anxiety"
7596,"Suicidal"
39400,"Suicidal"
45381,"Suicidal"
35614,"Normal"
28475,"Anxiety"
12859,"Depression"
19369,"Depression"
31498,"Depression"
954,"Normal"
33631,"Normal"
451,"Suicidal"
29026,"Depression"
199,"Suicidal"
46550,"Suicidal"
28470,"Normal"
35752,"Depression"
17383,"Anxiety"
13260,"Suicidal"
49096,"Anxiety"
6531,"Suicidal"
41158,"Anxiety"
22015,"Anxiety"
27737,"Depression"
380,"Suicidal"
19184,"Depression"
23928,"Suicidal"
30701,"Anxiety"
45714,"Suicidal"
692,"Suicidal"
10044,"Normal"
46510,"Anxiety"
29142,"Anxiety"
31004,"Suicidal"
28249,"Suicidal"
42402,"Suicidal"
37544,"Depression"
29140,"Depression"
46496,"Normal"
46807,"Normal"
3027,"Normal"
46591,"Normal"
27780,"Suicidal"
11978,"Anxiety"
47290,"Suicidal"
409,"Normal"
22135,"Anxiety"
28688,"Normal"
236,"Suicidal"
35610,"Depression"
25071,"Depression"
88,"Normal"
16944,"Suicidal"
43,"Suicidal"
20702,"Suicidal"
20982,"Normal"
14943,"Anxiety"
20067,"Suicidal"
25925,"Anxiety"
22815,"Anxiety"
11331,"Anxiety"
8815,"Normal"
31665,"Anxiety"
28859,"Suicidal"
39401,"Normal"
32365,"Suicidal"
21369,"Depression"
35574,"Depression"
5978,"Anxiety"
21480,"Anxiety"
14344,"Suicidal"
1938,"Anxiety"
13021,"Depression"
19763,"Anxiety"
20495,"Depression"
23623,"Anxiety"
31412,"Suicidal"
42758,"Anxiety"
4297,"Normal"
20970,"Anxiety"
28132,"Normal"
19846,"Anxiety"
46907,"Depression"
48658,"Anxiety"
39348,"Anxiety"
49246,"Depression"
13645,"Anxiety"
42419,"Depression"
56,"Anxiety"
36037,"Depression"
23452,"Suicidal"
21855,"Anxiety"
32616,"Normal"
40758,"Anxiety"
26329,"Normal"
19223,"Suicidal"
12747,"Suicidal"
3509,"Suicidal"
19282,"Depression"
11329,"Depression"
49211,"Suicidal"
7836,"Normal"
41064,"Anxiety"
7610,"Suicidal"
20845,"Anxiety"
16854,"Normal"
1297,"Depression"
12398,"Anxiety"
31826,"Suicidal"
28924,"Depression"
33184,"Depression"
19724,"Depression"
40996,"Suicidal"
41126,"Normal"
18608,"Normal"
19227,"Depression"
19985,"Anxiety"
19906,"Suicidal"
48073,"Anxiety"
39565,"Anxiety"
17594,"Anxiety"
42231,"Anxiety"
38381,"Normal"
48084,"Depression"
48521,"Anxiety"
22171,"Normal"
21462,"Depression"
25587,"Suicidal"
31327,"Normal"
12008,"Depression"
31556,"Normal"
6134,"Anxiety"
37429,"Depression"
25800,"Suicidal"
39606,"Normal"
44064,"Suicidal"
15345,"Anxiety"
25190,"Depression"
11244,"Anxiety"
28834,"Normal"
39753,"Depression"
41889,"Depression"
15199,"Suicidal"
9275,"Suicidal"
39593,"Anxiety"
48621,"Normal"
29070,"Anxiety"
20086,"Depression"
36615,"Anxiety"
46080,"Anxiety"
28862,"Normal"
28719,"Anxiety"
47267,"Suicidal"
39785,"Suicidal"
39812,"Normal"
15606,"Normal"
39145,"Anxiety"
7168,"Normal"
33647,"Normal"
24811,"Normal"
43276,"Depression"
20607,"Suicidal"
12175,"Depression"
38808,"Normal"
49410,"Normal"
34,"Suicidal"
39983,"Anxiety"
3588,"Anxiety"
38624,"Anxiety"
3737,"Suicidal"
254,"Anxiety"
10973,"Suicidal"
18011,"Anxiety"
3979,"Normal"
47429,"Suicidal"
27216,"Suicidal"
16436,"Normal"
33354,"Suicidal"
43556,"Suicidal"
39488,"Normal"
8023,"Anxiety"
47754,"Depression"
6816,"Depression"
32039,"Anxiety"
36011,"Normal"
17227,"Suicidal"
43440,"Suicidal"
21641,"Anxiety"
15697,"Anxiety"
47232,"Normal"
18486,"Suicidal"
10566,"Anxiety"
23350,"Normal"
48961,"Normal"
29331,"Anxiety"
38817,"Normal"
43209,"Depression"
30088,"Depression"
298,"Normal"
46072,"Suicidal"
44891,"Depression"
15356,"Normal"
18192,"Anxiety"
29628,"Depression"
39458,"Anxiety"
49457,"Depression"
22153,"Anxiety"
24961,"Depression"
27472,"Normal"
46683,"Depression"
18966,"Anxiety"
27990,"Anxiety"
13739,"Anxiety"
22872,"Normal"
8091,"Anxiety"
31525,"Depression"
47433,"Normal"
7869,"Suicidal"
20474,"Normal"
18259,"Anxiety"
41310,"Depression"
26933,"Depression"
31177,"Depression"
32735,"Anxiety"
17946,"Suicidal"
48432,"Normal"
16531,"Depression"
654,"Normal"
18619,"Depression"
4292,"Anxiety"
26736,"Normal"
41806,"Anxiety"
4521,"Anxiety"
18288,"Depression"
45536,"Normal"
28391,"Depression"
12548,"Normal"
14868,"Suicidal"
31684,"Suicidal"
8761,"Normal"
600,"Suicidal"
31678,"Suicidal"
29209,"Suicidal"
45670,"Normal"
14355,"Normal"
46633,"Normal"
2766,"Normal"
22749,"Suicidal"
19655,"Depression"
14227,"Suicidal"
21769,"Depression"
7150,"Normal"
11431,"Depression"
39881,"Normal"
34360,"Depression"
22037,"Normal"
48967,"Normal"
2633,"Depression"
30380,"Depression"
17751,"Suicidal"
13951,"Anxiety"
14658,"Anxiety"
45441,"Normal"
32048,"Normal"
39809,"Anxiety"
3983,"Suicidal"
34624,"Anxiety"
15091,"Depression"
20333,"Normal"
15722,"Anxiety"
28534,"Anxiety"
21132,"Depression"
44115,"Depression"
19787,"Anxiety"
39765,"Suicidal"
3366,"Suicidal"
47421,"Depression"
30136,"Normal"
21530,"Anxiety"
15452,"Depression"
4501,"Normal"
41619,"Normal"
14518,"Anxiety"
2725,"Suicidal"
49448,"Normal"
31737,"Depression"
68,"Normal"
17040,"Depression"
22425,"Anxiety"
28374,"Depression"
13562,"Depression"
32912,"Normal"
28252,"Anxiety"
24138,"Anxiety"
22748,"Normal"
15612,"Suicidal"
46188,"Depression"
11732,"Suicidal"
42633,"Depression"
9940,"Depression"
46729,"Normal"
42727,"Anxiety"
42966,"Suicidal"
3386,"Anxiety"
3648,"Normal"
8159,"Depression"
1163,"Suicidal"
48587,"Anxiety"
27834,"Depression"
3626,"Normal"
45139,"Suicidal"
43937,"Anxiety"
17520,"Anxiety"
12748,"Depression"
42035,"Normal"
13374,"Suicidal"
23253,"Suicidal"
172,"Normal"
41761,"Normal"
48180,"Depression"
26278,"Normal"
40199,"Normal"
16513,"Suicidal"
39798,"Normal"
40673,"Normal"
32072,"Anxiety"
40241,"Anxiety"
39727,"Normal"
20966,"Depression"
42692,"Suicidal"
22029,"Normal"
28483,"Anxiety"
46087,"Anxiety"
25868,"Depression"
14216,"Normal"
40668,"Suicidal"
35824,"Normal"
36159,"Anxiety"
28735,"Normal"
11379,"Normal"
15340,"Depression"
24979,"Depression"
40570,"Anxiety"
39804,"Normal"
43882,"Depression"
37210,"Anxiety"
32411,"Anxiety"
9613,"Suicidal"
45410,"Depression"
43627,"Suicidal"
8514,"Normal"
7716,"Depression"
15057,"Depression"
7797,"Suicidal"
7627,"Depression"
49177,"Depression"
21650,"Depression"
20940,"Normal"
7809,"Normal"
29990,"Anxiety"
39441,"Suicidal"
47068,"Anxiety"
47440,"Suicidal"
2617,"Suicidal"
3580,"Normal"
42718,"Suicidal"
16328,"Depression"
28305,"Normal"
31049,"Depression"
14397,"Suicidal"
21395,"Anxiety"
25784,"Depression"
685,"Anxiety"
40252,"Anxiety"
28397,"Suicidal"
3754,"Suicidal"
41849,"Depression"
2972,"Suicidal"
2198,"Normal"
27955,"Depression"
1577,"Depression"
44334,"Depression"
11668,"Suicidal"
2903,"Suicidal"
34500,"Normal"
17607,"Anxiety"
40660,"Normal"
44034,"Anxiety"
48927,"Depression"
33214,"Normal"
13118,"Normal"
40438,"Depression"
45223,"Normal"
17394,"Suicidal"
41069,"Anxiety"
20699,"Depression"
37496,"Suicidal"
40583,"Normal"
39848,"Normal"
41393,"Anxiety"
43844,"Anxiety"
2461,"Depression"
33961,"Normal"
20026,"Normal"
15063,"Normal"
13045,"Normal"
47981,"Depression"
47,"Suicidal"
32268,"Suicidal"
1324,"Normal"
14251,"Suicidal"
46672,"Normal"
26499,"Depression"
7583,"Depression"
7690,"Anxiety"
46287,"Suicidal"
46667,"Suicidal"
47162,"Depression"
12610,"Suicidal"
39343,"Suicidal"
84,"Normal"
10819,"Suicidal"
29909,"Depression"
12089,"Normal"
14067,"Suicidal"
43508,"Depression"
27262,"Suicidal"
34915,"Normal"
13463,"Depression"
32520,"Normal"
16960,"Depression"
25240,"Normal"
30911,"Suicidal"
48375,"Normal"
5106,"Normal"
28162,"Anxiety"
25862,"Suicidal"
14150,"Normal"
37375,"Suicidal"
616,"Normal"
33572,"Suicidal"
45663,"Anxiety"
20171,"Normal"
19855,"Suicidal"
8003,"Depression"
22585,"Anxiety"
34629,"Normal"
29521,"Suicidal"
18611,"Anxiety"
9244,"Suicidal"
29824,"Normal"
30713,"Depression"
42760,"Depression"
32961,"Normal"
28887,"Suicidal"
46695,"Depression"
36815,"Normal"
47243,"Anxiety"
39258,"Normal"
28817,"Anxiety"
39615,"Depression"
44038,"Normal"
33951,"Suicidal"
15257,"Anxiety"
34594,"Normal"
48094,"Anxiety"
28994,"Suicidal"
46338,"Anxiety"
23224,"Normal"
26567,"Depression"
6236,"Anxiety"
20585,"Anxiety"
21436,"Normal"
30534,"Normal"
17752,"Anxiety"
11136,"Suicidal"
32865,"Normal"
45251,"Normal"
27840,"Normal"
26164,"Anxiety"
44397,"Depression"
49522,"Anxiety"
23277,"Normal"
1893,"Depression"
22826,"Suicidal"
38353,"Anxiety"
32194,"Depression"
29158,"Suicidal"
7783,"Depression"
27124,"Anxiety"
4084,"Depression"
40411,"Normal"
46333,"Anxiety"
3346,"Depression"
273,"Normal"
43121,"Depression"
18297,"Normal"
3126,"Suicidal"
20127,"Normal"
5562,"Normal"
4858,"Anxiety"
27821,"Suicidal"
2467,"Normal"
17753,"Anxiety"
24261,"Depression"
16656,"Suicidal"
41526,"Depression"
18272,"Anxiety"
4394,"Suicidal"
32279,"Suicidal"
41084,"Depression"
20540,"Suicidal"
22086,"Suicidal"
30251,"Anxiety"
31745,"Suicidal"
48525,"Depression"
6331,"Suicidal"
43175,"Depression"
28597,"Depression"
14501,"Depression"
17242,"Depression"
14602,"Normal"
34695,"Suicidal"
28768,"Normal"
40302,"Depression"
9954,"Depression"
28394,"Depression"
32359,"Anxiety"
13317,"Depression"
48614,"Normal"
29123,"Suicidal"
45542,"Depression"
35353,"Anxiety"
49576,"Normal"
39910,"Anxiety"
32496,"Depression"
25469,"Depression"
10465,"Suicidal"
18072,"Depression"
32582,"Anxiety"
2411,"Suicidal"
26774,"Normal"
13496,"Normal"
39546,"Normal"
29473,"Anxiety"
39027,"Depression"
17800,"Normal"
35412,"Normal"
42896,"Anxiety"
25547,"Anxiety"
15171,"Anxiety"
39411,"Suicidal"
417,"Suicidal"
16530,"Suicidal"
19463,"Depression"
9721,"Depression"
12000,"Depression"
8202,"Anxiety"
16577,"Suicidal"
42070,"Anxiety"
21622,"Depression"
4638,"Depression"
39428,"Normal"
37957,"Anxiety"
46606,"Depression"
2047,"Suicidal"
40621,"Depression"
6029,"Suicidal"
29055,"Suicidal"
41367,"Depression"
17522,"Depression"
2136,"Suicidal"
6057,"Suicidal"
12248,"Suicidal"
29202,"Anxiety"
5478,"Depression"
47039,"Suicidal"
4836,"Depression"
5686,"Suicidal"
18388,"Anxiety"
39459,"Depression"
43817,"Normal"
492,"Anxiety"
22235,"Anxiety"
45399,"Anxiety"
27428,"Depression"
45197,"Suicidal"
1838,"Normal"
7007,"Depression"
28449,"Depression"
39408,"Depression"
28914,"Anxiety"
29485,"Anxiety"
247,"Normal"
2427,"Depression"
12605,"Anxiety"
3064,"Depression"
5513,"Normal"
536,"Suicidal"
19723,"Normal"
41648,"Suicidal"
6102,"Depression"
8344,"Suicidal"
10681,"Suicidal"
26969,"Suicidal"
40444,"Normal"
20812,"Anxiety"
25659,"Anxiety"
42367,"Anxiety"
45221,"Normal"
36456,"Suicidal"
43257,"Anxiety"
28724,"Anxiety"
121,"Anxiety"
9564,"Suicidal"
32710,"Anxiety"
23574,"Depression"
26801,"Depression"
19533,"Anxiety"
32163,"Normal"
47661,"Normal"
49283,"Suicidal"
246,"Suicidal"
40221,"Anxiety"
28298,"Anxiety"
5885,"Suicidal"
22022,"Anxiety"
40308,"Normal"
222,"Depression"
33303,"Depression"
46049,"Depression"
41798,"Anxiety"
14976,"Depression"
44137,"Anxiety"
22041,"Suicidal"
28061,"Depression"
41968,"Normal"
3673,"Depression"
42886,"Normal"
44130,"Suicidal"
20505,"Anxiety"
27745,"Depression"
24027,"Anxiety"
11620,"Normal"
42814,"Normal"
45453,"Anxiety"
20493,"Anxiety"
42821,"Suicidal"
34394,"Normal"
29088,"Normal"
23942,"Normal"
35641,"Anxiety"
357,"Suicidal"
35083,"Suicidal"
39289,"Depression"
18879,"Anxiety"
21072,"Normal"
19333,"Depression"
15116,"Anxiety"
13901,"Suicidal"
37828,"Normal"
16461,"Depression"
2770,"Normal"
42296,"Normal"
511,"Depression"
2722,"Depression"
2120,"Normal"
8400,"Depression"
14561,"Normal"
47560,"Suicidal"
620,"Anxiety"
27833,"Depression"
30044,"Anxiety"
16489,"Depression"
14679,"Normal"
33950,"Normal"
11671,"Depression"
13566,"Suicidal"
7023,"Anxiety"
2686,"Suicidal"
18385,"Suicidal"
30859,"Suicidal"
23256,"Anxiety"
8264,"Normal"
29418,"Normal"
30684,"Anxiety"
43312,"Normal"
59,"Depression"
16019,"Suicidal"
16760,"Depression"
49335,"Suicidal"
2054,"Depression"
45060,"Depression"
39935,"Normal"
36071,"Depression"
19843,"Normal"
32073,"Anxiety"
15374,"Suicidal"
39210,"Suicidal"
17730,"Depression"
23466,"Suicidal"
26563,"Depression"
11860,"Depression"
12863,"Suicidal"
43490,"Anxiety"
11596,"Anxiety"
17623,"Normal"
15974,"Depression"
31674,"Suicidal"
10265,"Suicidal"
48771,"Depression"
29144,"Suicidal"
11520,"Depression"
12823,"Suicidal"
14320,"Depression"
32240,"Normal"
33655,"Anxiety"
43063,"Anxiety"
19879,"Normal"
19453,"Anxiety"
32339,"Suicidal"
43505,"Suicidal"
42211,"Normal"
22624,"Suicidal"
27820,"Suicidal"
18701,"Depression"
26654,"Normal"
44999,"Normal"
47904,"Anxiety"
24627,"Normal"
13071,"Normal"
42585,"Anxiety"
41944,"Normal"
815,"Normal"
45006,"Depression"
39833,"Suicidal"
30413,"Suicidal"
18632,"Normal"
39341,"Depression"
13140,"Suicidal"
37388,"Depression"
48317,"Suicidal"
27855,"Depression"
37921,"Anxiety"
219,"Depression"
44127,"Anxiety"
200,"Depression"
2130,"Normal"
47123,"Depression"
26904,"Normal"
44191,"Depression"
25863,"Normal"
39347,"Normal"
48325,"Normal"
21681,"Suicidal"
48844,"Normal"
40766,"Normal"
10657,"Normal"
49181,"Normal"
16457,"Anxiety"
47984,"Anxiety"
10487,"Anxiety"
46659,"Anxiety"
45258,"Anxiety"
6299,"Anxiety"
10358,"Depression"
49112,"Normal"
12321,"Normal"
29137,"Normal"
29261,"Normal"
46769,"Suicidal"
39324,"Suicidal"
28579,"Anxiety"
33088,"Depression"
16809,"Depression"
46324,"Suicidal"
42332,"Depression"
28228,"Anxiety"
34607,"Normal"
37215,"Anxiety"
9868,"Anxiety"
18128,"Anxiety"
35431,"Anxiety"
21466,"Normal"
44670,"Normal"
12420,"Depression"
30810,"Suicidal"
33659,"Suicidal"
22292,"Anxiety"
128,"Suicidal"
32294,"Normal"
49455,"Depression"
6540,"Normal"
47155,"Normal"
27254,"Suicidal"
38265,"Suicidal"
1155,"Depression"
46787,"Anxiety"
40409,"Depression"
37829,"Depression"
35518,"Depression"
20705,"Normal"
10764,"Depression"
18839,"Normal"
30047,"Anxiety"
9993,"Anxiety"
49345,"Depression"
43020,"Normal"
4295,"Depression"
34240,"Depression"
28557,"Depression"
15222,"Depression"
48757,"Anxiety"
33590,"Depression"
32651,"Depression"
41812,"Normal"
22764,"Depression"
42905,"Normal"
519,"Normal"
42205,"Normal"
8128,"Depression"
92,"Suicidal"
31103,"Suicidal"
24996,"Normal"
6739,"Suicidal"
47571,"Suicidal"
34277,"Suicidal"
12878,"Suicidal"
15225,"Suicidal"
5836,"Anxiety"
45479,"Anxiety"
17101,"Normal"
40913,"Anxiety"
28307,"Normal"
11399,"Suicidal"
42703,"Anxiety"
12925,"Depression"
29711,"Anxiety"
38069,"Suicidal"
21791,"Anxiety"
32047,"Normal"
41647,"Normal"
46969,"Normal"
29338,"Suicidal"
39138,"Depression"
14247,"Anxiety"
29678,"Suicidal"
22537,"Anxiety"
21290,"Depression"
38332,"Normal"
39947,"Normal"
30873,"Suicidal"
14347,"Depression"
36236,"Suicidal"
33102,"Anxiety"
9482,"Anxiety"
41045,"Suicidal"
27265,"Depression"
37277,"Depression"
20256,"Normal"
10197,"Suicidal"
28582,"Depression"
17137,"Anxiety"
40127,"Suicidal"
258,"Suicidal"
890,"Anxiety"
24378,"Normal"
17879,"Depression"
7144,"Anxiety"
44145,"Normal"
13908,"Depression"
26497,"Depression"
47249,"Normal"
46537,"Anxiety"
19684,"Normal"
11663,"Normal"
46167,"Normal"
28933,"Normal"
8272,"Normal"
47109,"Normal"
29691,"Depression"
13761,"Anxiety"
27422,"Normal"
41932,"Normal"
12546,"Anxiety"
25059,"Depression"
26985,"Normal"
41247,"Suicidal"
20937,"Suicidal"
21921,"Depression"
43380,"Anxiety"
43562,"Depression"
6809,"Anxiety"
49387,"Anxiety"
28556,"Suicidal"
33049,"Anxiety"
48303,"Normal"
40025,"Anxiety"
49521,"Depression"
28439,"Normal"
498,"Depression"
8195,"Anxiety"
13597,"Suicidal"
48487,"Normal"
38121,"Normal"
2540,"Depression"
43911,"Depression"
12648,"Suicidal"
29227,"Suicidal"
28075,"Anxiety"
10990,"Depression"
47578,"Anxiety"
48373,"Normal"
45305,"Depression"
11308,"Anxiety"
31402,"Depression"
153,"Normal"
41890,"Suicidal"
108,"Normal"
31460,"Depression"
22344,"Normal"
241,"Normal"
3209,"Normal"
46235,"Anxiety"
42788,"Depression"
39838,"Normal"
18895,"Normal"
13786,"Anxiety"
48151,"Suicidal"
28234,"Anxiety"
39759,"Suicidal"
18813,"Depression"
44877,"Depression"
16001,"Depression"
49259,"Suicidal"
7455,"Depression"
136,"Suicidal"
12665,"Normal"
45406,"Suicidal"
11762,"Anxiety"
42885,"Depression"
24380,"Anxiety"
47771,"Suicidal"
626,"Depression"
46703,"Normal"
13175,"Normal"
31941,"Anxiety"
40961,"Normal"
28591,"Suicidal"
20526,"Suicidal"
39708,"Normal"
45939,"Depression"
48088,"Anxiety"
26299,"Suicidal"
39159,"Normal"
19288,"Normal"
1819,"Suicidal"
41793,"Anxiety"
20746,"Anxiety"
39471,"Anxiety"
28465,"Suicidal"
48696,"Normal"
39510,"Anxiety"
42269,"Normal"
1665,"Depression"
6544,"Anxiety"
46438,"Anxiety"
30892,"Normal"
16841,"Normal"
22066,"Normal"
20889,"Normal"
34465,"Suicidal"
29251,"Anxiety"
44296,"Anxiety"
32978,"Anxiety"
9144,"Depression"
27973,"Suicidal"
40817,"Normal"
32398,"Suicidal"
39190,"Depression"
17120,"Anxiety"
8947,"Suicidal"
46663,"Suicidal"
49543,"Anxiety"
9927,"Anxiety"
40543,"Suicidal"
44316,"Normal"
19504,"Suicidal"
45063,"Normal"
28342,"Normal"
15958,"Depression"
46442,"Normal"
7265,"Anxiety"
45068,"Anxiety"
17647,"Suicidal"
16266,"Anxiety"
46018,"Normal"
30977,"Suicidal"
31644,"Normal"
14179,"Depression"
41292,"Anxiety"
34034,"Anxiety"
13257,"Depression"
19745,"Normal"
46964,"Normal"
42473,"Suicidal"
15538,"Depression"
16138,"Normal"
44935,"Normal"
29385,"Suicidal"
28831,"Suicidal"
28377,"Suicidal"
28262,"Normal"
22100,"Suicidal"
47938,"Depression"
31935,"Depression"
43037,"Suicidal"
15219,"Suicidal"
44995,"Depression"
42884,"Depression"
38569,"Anxiety"
18008,"Anxiety"
48104,"Normal"
12749,"Depression"
32517,"Anxiety"
43734,"Normal"
11673,"Depression"
4780,"Depression"
15323,"Normal"
14812,"Anxiety"
22,"Suicidal"
39674,"Depression"
3566,"Depression"
13812,"Depression"
29697,"Normal"
16663,"Anxiety"
16687,"Anxiety"
14357,"Anxiety"
22541,"Normal"
17953,"Normal"
47268,"Anxiety"
10501,"Normal"
23997,"Suicidal"
38973,"Suicidal"
49082,"Normal"
526,"Suicidal"
28301,"Anxiety"
43242,"Normal"
22487,"Depression"
16861,"Suicidal"
29030,"Anxiety"
45199,"Depression"
28660,"Normal"
29844,"Anxiety"
2872,"Anxiety"
34766,"Anxiety"
23722,"Suicidal"
40802,"Anxiety"
14875,"Anxiety"
30260,"Depression"
39264,"Anxiety"
39946,"Anxiety"
19500,"Normal"
1308,"Depression"
44860,"Suicidal"
44563,"Normal"
20396,"Anxiety"
30262,"Normal"
8418,"Normal"
13902,"Depression"
10391,"Anxiety"
12883,"Normal"
44404,"Normal"
8742,"Normal"
30823,"Anxiety"
48672,"Normal"
17480,"Depression"
15504,"Suicidal"
22997,"Anxiety"
31757,"Suicidal"
41183,"Depression"
20137,"Suicidal"
34616,"Normal"
28805,"Suicidal"
22774,"Depression"
16048,"Suicidal"
33761,"Suicidal"
30484,"Normal"
43010,"Anxiety"
43502,"Normal"
47793,"Anxiety"
11020,"Depression"
41891,"Depression"
2554,"Anxiety"
20558,"Depression"
10727,"Suicidal"
8410,"Anxiety"
43886,"Anxiety"
7298,"Suicidal"
43942,"Anxiety"
1408,"Suicidal"
32808,"Anxiety"
20915,"Anxiety"
17958,"Depression"
28732,"Depression"
47791,"Suicidal"
27469,"Depression"
21377,"Normal"
42536,"Suicidal"
25361,"Suicidal"
8738,"Suicidal"
38145,"Normal"
15747,"Suicidal"
1064,"Normal"
27341,"Suicidal"
4777,"Normal"
27259,"Suicidal"
19576,"Suicidal"
39954,"Depression"
8067,"Suicidal"
21125,"Anxiety"
46957,"Anxiety"
45094,"Depression"
1073,"Suicidal"
5438,"Depression"
20724,"Suicidal"
29226,"Normal"
46865,"Suicidal"
20834,"Depression"
40033,"Suicidal"
18195,"Depression"
8579,"Depression"
31969,"Depression"
12148,"Normal"
38303,"Anxiety"
19921,"Suicidal"
10226,"Suicidal"
30685,"Suicidal"
39982,"Normal"
42344,"Depression"
15409,"Normal"
39371,"Depression"
5016,"Normal"
32556,"Depression"
27187,"Anxiety"
19279,"Suicidal"
19605,"Anxiety"
22878,"Normal"
15748,"Suicidal"
11922,"Normal"
40188,"Normal"
18731,"Anxiety"
28645,"Suicidal"
26771,"Suicidal"
34092,"Suicidal"
16086,"Anxiety"
7416,"Suicidal"
49117,"Normal"
40342,"Suicidal"
9581,"Normal"
29239,"Suicidal"
19233,"Suicidal"
18987,"Suicidal"
47978,"Normal"
30436,"Anxiety"
28560,"Depression"
40589,"Anxiety"
36366,"Normal"
24346,"Normal"
44501,"Normal"
3835,"Normal"
49334,"Depression"
11340,"Depression"
44737,"Depression"
31569,"Suicidal"
5096,"Suicidal"
29999,"Anxiety"
15773,"Anxiety"
40569,"Depression"
30105,"Normal"
30504,"Depression"
45303,"Suicidal"
32016,"Anxiety"
33792,"Anxiety"
16968,"Suicidal"
41358,"Anxiety"
28190,"Depression"
8821,"Anxiety"
41634,"Depression"
11479,"Suicidal"
31361,"Anxiety"
27215,"Normal"
7885,"Suicidal"
36535,"Depression"
48664,"Depression"
6209,"Anxiety"
16813,"Suicidal"
9342,"Depression"
35173,"Depression"
16089,"Anxiety"
40894,"Normal"
10511,"Suicidal"
32089,"Suicidal"
43094,"Depression"
7171,"Suicidal"
19351,"Anxiety"
13466,"Anxiety"
9303,"Anxiety"
49520,"Normal"
19229,"Suicidal"
24291,"Suicidal"
38416,"Normal"
48079,"Anxiety"
34826,"Suicidal"
14807,"Depression"
4072,"Anxiety"
36998,"Depression"
28552,"Suicidal"
12638,"Normal"
22419,"Suicidal"
17615,"Suicidal"
31592,"Depression"
36088,"Anxiety"
48369,"Normal"
9836,"Depression"
44007,"Suicidal"
48183,"Depression"
44019,"Anxiety"
10623,"Suicidal"
11631,"Depression"
6034,"Depression"
24383,"Anxiety"
28323,"Normal"
31283,"Suicidal"
45694,"Suicidal"
10529,"Depression"
6076,"Normal"
28419,"Anxiety"
8017,"Depression"
16824,"Anxiety"
34213,"Normal"
46794,"Anxiety"
17446,"Anxiety"
13253,"Suicidal"
12102,"Depression"
11030,"Suicidal"
7095,"Anxiety"
2083,"Anxiety"
16624,"Suicidal"
32511,"Anxiety"
43381,"Normal"
12639,"Suicidal"
18777,"Normal"
41486,"Suicidal"
37077,"Anxiety"
43570,"Depression"
2800,"Normal"
41320,"Depression"
14549,"Suicidal"
10268,"Suicidal"
44852,"Suicidal"
14806,"Suicidal"
61,"Anxiety"
26601,"Anxiety"
5532,"Anxiety"
28786,"Anxiety"
38343,"Depression"
421,"Suicidal"
18397,"Normal"
21004,"Anxiety"
5212,"Anxiety"
38655,"Anxiety"
8111,"Suicidal"
18938,"Suicidal"
19548,"Depression"
2622,"Suicidal"
14272,"Normal"
22058,"Depression"
44818,"Suicidal"
30234,"Depression"
165,"Depression"
22484,"Depression"
41228,"Normal"
4545,"Normal"
38601,"Depression"
14342,"Normal"
33696,"Anxiety"
39153,"Depression"
33593,"Depression"
47833,"Normal"
39391,"Suicidal"
47973,"Suicidal"
29747,"Anxiety"
32869,"Anxiety"
36513,"Normal"
46778,"Anxiety"
35118,"Depression"
9810,"Depression"
2854,"Suicidal"
24989,"Depression"
1382,"Suicidal"
43468,"Depression"
28511,"Suicidal"
2677,"Normal"
39285,"Normal"
95,"Normal"
16026,"Suicidal"
43392,"Depression"
37122,"Normal"
40387,"Suicidal"
17658,"Depression"
46160,"Suicidal"
11154,"Suicidal"
38287,"Suicidal"
29896,"Suicidal"
28165,"Suicidal"
28373,"Anxiety"
47425,"Depression"
39914,"Anxiety"
43726,"Normal"
23333,"Depression"
26062,"Anxiety"
10731,"Anxiety"
41281,"Suicidal"
38750,"Suicidal"
22619,"Normal"
39129,"Anxiety"
21250,"Suicidal"
11026,"Normal"
3865,"Depression"
11228,"Anxiety"
42143,"Anxiety"
4648,"Depression"
24167,"Anxiety"
18427,"Normal"
2629,"Normal"
28238,"Suicidal"
1097,"Depression"
48446,"Depression"
4710,"Depression"
16416,"Normal"
21593,"Anxiety"
45734,"Normal"
11759,"Normal"
27650,"Anxiety"
29439,"Anxiety"
30675,"Anxiety"
24,"Normal"
657,"Normal"
11741,"Depression"
47937,"Anxiety"
45200,"Anxiety"
8041,"Normal"
48091,"Anxiety"
22542,"Depression"
13344,"Normal"
40443,"Normal"
39556,"Anxiety"
41675,"Anxiety"
4905,"Normal"
750,"Depression"
11969,"Normal"
45741,"Normal"
9378,"Anxiety"
38020,"Anxiety"
23436,"Suicidal"
81,"Normal"
25187,"Depression"
37643,"Depression"
10966,"Anxiety"
43752,"Anxiety"
13284,"Suicidal"
33956,"Depression"
30942,"Suicidal"
7775,"Depression"
7208,"Normal"
16290,"Depression"
6954,"Depression"
25602,"Depression"
16924,"Depression"
883,"Anxiety"
33218,"Anxiety"
8005,"Depression"
10219,"Anxiety"
44,"Suicidal"
16169,"Depression"
45035,"Depression"
44327,"Depression"
46298,"Depression"
35756,"Suicidal"
46643,"Depression"
42909,"Depression"
1041,"Suicidal"
48982,"Normal"
467,"Depression"
13601,"Anxiety"
39528,"Depression"
27997,"Suicidal"
46130,"Suicidal"
23284,"Suicidal"
28304,"Anxiety"
26335,"Normal"
46927,"Anxiety"
33945,"Depression"
26658,"Depression"
29031,"Suicidal"
38815,"Depression"
17384,"Suicidal"
48366,"Anxiety"
29048,"Anxiety"
36619,"Anxiety"
5021,"Suicidal"
28800,"Depression"
19264,"Depression"
9182,"Normal"
47888,"Normal"
33079,"Anxiety"
45205,"Anxiety"
39444,"Depression"
29139,"Anxiety"
16339,"Depression"
12201,"Depression"
13353,"Anxiety"
34296,"Normal"
45269,"Anxiety"
49582,"Anxiety"
10396,"Suicidal"
48605,"Normal"
37987,"Suicidal"
39328,"Normal"
31627,"Suicidal"
14774,"Depression"
37593,"Depression"
30220,"Anxiety"
39116,"Suicidal"
34145,"Normal"
22692,"Suicidal"
46231,"Normal"
43278,"Suicidal"
36690,"Normal"
482,"Normal"
7220,"Anxiety"
19656,"Suicidal"
17350,"Normal"
28312,"Normal"
8693,"Normal"
30761,"Suicidal"
34090,"Suicidal"
34442,"Anxiety"
31872,"Anxiety"
43048,"Normal"
5356,"Normal"
49372,"Normal"
11878,"Suicidal"
16662,"Normal"
28081,"Suicidal"
9984,"Depression"
31766,"Suicidal"
31574,"Depression"
33223,"Normal"
17560,"Anxiety"
7999,"Anxiety"
13547,"Anxiety"
41792,"Normal"
18060,"Depression"
33424,"Depression"
42564,"Suicidal"
41534,"Anxiety"
39475,"Normal"
17282,"Suicidal"
41970,"Suicidal"
40461,"Suicidal"
29371,"Depression"
15469,"Depression"
27938,"Anxiety"
26781,"Depression"
43015,"Suicidal"
20003,"Suicidal"
43763,"Anxiety"
43981,"Depression"
8569,"Anxiety"
15292,"Normal"
4733,"Depression"
21609,"Normal"
17010,"Depression"
20589,"Anxiety"
27267,"Normal"
39854,"Anxiety"
48270,"Suicidal"
25337,"Normal"
33414,"Suicidal"
32760,"Anxiety"
12186,"Anxiety"
13462,"Depression"
25453,"Suicidal"
22132,"Anxiety"
8296,"Anxiety"
41144,"Suicidal"
47722,"Depression"
26579,"Depression"
6487,"Depression"
25712,"Depression"
19808,"Normal"
13629,"Normal"
18577,"Normal"
21778,"Depression"
44120,"Depression"
34997,"Normal"
22199,"Depression"
38127,"Normal"
41086,"Depression"
15445,"Normal"
39271,"Normal"
7244,"Anxiety"
19582,"Normal"
19714,"Anxiety"
41529,"Normal"
45766,"Depression"
27178,"Normal"
2003,"Depression"
32445,"Normal"
10538,"Depression"
14363,"Anxiety"
29323,"Normal"
25781,"Suicidal"
15924,"Anxiety"
5925,"Anxiety"
48909,"Anxiety"
27523,"Normal"
27480,"Normal"
9298,"Depression"
43541,"Anxiety"
47599,"Anxiety"
21443,"Suicidal"
28759,"Anxiety"
24839,"Suicidal"
44159,"Depression"
26722,"Normal"
29112,"Anxiety"
27944,"Anxiety"
40065,"Anxiety"
4849,"Anxiety"
45968,"Suicidal"
31874,"Depression"
8574,"Normal"
46022,"Suicidal"
3220,"Normal"
48887,"Anxiety"
28315,"Normal"
35722,"Normal"
22698,"Depression"
44759,"Anxiety"
27668,"Depression"
44653,"Anxiety"
3503,"Suicidal"
9196,"Suicidal"
5461,"Normal"
37995,"Suicidal"
15250,"Suicidal"
44094,"Normal"
28847,"Depression"
13137,"Anxiety"
12518,"Suicidal"
28531,"Depression"
16998,"Depression"
46162,"Normal"
22555,"Normal"
47069,"Depression"
39730,"Depression"
33060,"Normal"
491,"Normal"
21365,"Anxiety"
20979,"Suicidal"
43869,"Normal"
39105,"Normal"
31132,"Suicidal"
39938,"Anxiety"
48692,"Normal"
26830,"Anxiety"
49241,"Suicidal"
35180,"Suicidal"
36599,"Anxiety"
33958,"Anxiety"
21135,"Normal"
44732,"Normal"
29804,"Normal"
39325,"Normal"
7865,"Depression"
29156,"Normal"
33157,"Normal"
43213,"Suicidal"
43587,"Anxiety"
27119,"Normal"
22353,"Depression"
21422,"Suicidal"
19066,"Depression"
13710,"Normal"
12970,"Suicidal"
21172,"Suicidal"
32430,"Suicidal"
17276,"Normal"
9537,"Depression"
12425,"Anxiety"
48488,"Normal"
18236,"Depression"
28011,"Normal"
249,"Normal"
2291,"Suicidal"
7098,"Depression"
44705,"Depression"
3514,"Depression"
47104,"Normal"
44424,"Normal"
39945,"Depression"
4376,"Anxiety"
44479,"Anxiety"
34623,"Normal"
15847,"Normal"
396,"Depression"
42661,"Depression"
19446,"Suicidal"
28398,"Anxiety"
28507,"Normal"
39885,"Depression"
36916,"Anxiety"
42206,"Depression"
17150,"Depression"
10625,"Suicidal"
28472,"Anxiety"
39198,"Suicidal"
43002,"Suicidal"
43681,"Anxiety"
35885,"Anxiety"
21967,"Anxiety"
21360,"Anxiety"
15673,"Anxiety"
4160,"Normal"
40915,"Anxiety"
7746,"Suicidal"
4771,"Normal"
10648,"Suicidal"
1451,"Depression"
39149,"Normal"
24484,"Anxiety"
45257,"Normal"
7225,"Suicidal"
23001,"Suicidal"
13896,"Anxiety"
33949,"Normal"
6492,"Suicidal"
39339,"Normal"
42825,"Depression"
8606,"Depression"
2197,"Normal"
28851,"Normal"
8314,"Suicidal"
7843,"Anxiety"
15987,"Suicidal"
18362,"Suicidal"
15195,"Normal"
46095,"Suicidal"
30190,"Normal"
28440,"Normal"
639,"Suicidal"
28345,"Depression"
29211,"Anxiety"
48519,"Depression"
34950,"Depression"
39451,"Anxiety"
32832,"Anxiety"
24242,"Normal"
34133,"Depression"
38352,"Anxiety"
21444,"Depression"
32915,"Normal"
29295,"Depression"
39193,"Anxiety"
28499,"Suicidal"
48162,"Normal"
45944,"Anxiety"
42157,"Suicidal"
42576,"Suicidal"
31878,"Normal"
40599,"Suicidal"
11960,"Depression"
44367,"Depression"
33497,"Depression"
42841,"Anxiety"
24764,"Normal"
35528,"Suicidal"
10410,"Normal"
10351,"Normal"
10937,"Normal"
12686,"Depression"
299,"Anxiety"
19796,"Normal"
40194,"Depression"
16959,"Anxiety"
10182,"Suicidal"
1663,"Suicidal"
7347,"Normal"
39936,"Suicidal"
28682,"Anxiety"
10866,"Normal"
19668,"Depression"
47703,"Normal"
6330,"Depression"
40611,"Suicidal"
40236,"Depression"
48374,"Normal"
12744,"Suicidal"
44369,"Anxiety"
23604,"Suicidal"
39916,"Depression"
25057,"Depression"
43033,"Depression"
2398,"Anxiety"
31625,"Depression"
10409,"Normal"
40699,"Anxiety"
14578,"Suicidal"
45551,"Suicidal"
411,"Anxiety"
42620,"Anxiety"
33690,"Depression"
37681,"Suicidal"
3505,"Anxiety"
284,"Anxiety"
4342,"Normal"
28999,"Normal"
49374,"Suicidal"
38160,"Depression"
32334,"Depression"
9213,"Suicidal"
27825,"Anxiety"
27929,"Normal"
7948,"Depression"
41469,"Normal"
40115,"Normal"
9334,"Anxiety"
27542,"Normal"
10073,"Anxiety"
44649,"Anxiety"
10343,"Anxiety"
4019,"Depression"
17343,"Normal"
32373,"Normal"
26131,"Suicidal"
24951,"Suicidal"
5013,"Suicidal"
28892,"Normal"
46366,"Depression"
14070,"Anxiety"
2757,"Normal"
28235,"Suicidal"
45304,"Depression"
28213,"Normal"
4140,"Depression"
13865,"Suicidal"
4191,"Depression"
49023,"Suicidal"
24653,"Suicidal"
13275,"Anxiety"
14918,"Suicidal"
10065,"Suicidal"
46384,"Suicidal"
22301,"Suicidal"
16188,"Anxiety"
39734,"Normal"
10336,"Anxiety"
5896,"Anxiety"
29546,"Suicidal"
1092,"Depression"
41275,"Suicidal"
1696,"Anxiety"
12694,"Suicidal"
170,"Suicidal"
46139,"Normal"
7123,"Suicidal"
8776,"Normal"
27639,"Depression"
31477,"Depression"
39482,"Depression"
35597,"Normal"
23689,"Depression"
6842,"Normal"
34735,"Normal"
42973,"Suicidal"
31764,"Suicidal"
39814,"Depression"
21356,"Suicidal"
35881,"Normal"
47019,"Suicidal"
49557,"Depression"
35755,"Anxiety"
5224,"Depression"
11108,"Anxiety"
41644,"Depression"
29274,"Suicidal"
18850,"Suicidal"
18457,"Suicidal"
2299,"Normal"
20603,"Normal"
40456,"Anxiety"
22980,"Suicidal"
15819,"Anxiety"
47588,"Suicidal"
15287,"Normal"
2367,"Normal"
42719,"Depression"
16556,"Depression"
45028,"Anxiety"
41706,"Normal"
23036,"Depression"
41893,"Depression"
24323,"Depression"
39183,"Normal"
16518,"Depression"
11387,"Suicidal"
17076,"Anxiety"
29104,"Depression"
28243,"Suicidal"
28936,"Anxiety"
20527,"Anxiety"
47940,"Depression"
2314,"Normal"
13312,"Suicidal"
15984,"Depression"
42393,"Depression"
41631,"Depression"
45227,"Normal"
43902,"Anxiety"
19073,"Suicidal"
15052,"Suicidal"
19046,"Depression"
14231,"Suicidal"
11239,"Anxiety"
38576,"Anxiety"
23449,"Depression"
7297,"Anxiety"
49126,"Suicidal"
45948,"Normal"
11468,"Anxiety"
48904,"Depression"
35097,"Depression"
10363,"Suicidal"
2723,"Normal"
49442,"Normal"
39716,"Normal"
44896,"Suicidal"
9438,"Suicidal"
22803,"Depression"
48230,"Depression"
37912,"Depression"
2772,"Depression"
28485,"Depression"
32269,"Anxiety"
27836,"Normal"
25729,"Suicidal"
2298,"Anxiety"
10278,"Suicidal"
34346,"Suicidal"
18146,"Normal"
19329,"Normal"
31733,"Suicidal"
19777,"Anxiety"
46407,"Depression"
35184,"Normal"
3530,"Anxiety"
22036,"Anxiety"
21077,"Suicidal"
40715,"Suicidal"
49104,"Suicidal"
9786,"Suicidal"
37365,"Normal"
47378,"Anxiety"
26961,"Anxiety"
14657,"Suicidal"
21879,"Anxiety"
30620,"Suicidal"
163,"Anxiety"
40496,"Normal"
43604,"Depression"
3292,"Normal"
4097,"Normal"
23758,"Suicidal"
44348,"Normal"
20332,"Normal"
14583,"Suicidal"
2709,"Suicidal"
38767,"Anxiety"
22915,"Anxiety"
9224,"Suicidal"
14140,"Normal"
17892,"Suicidal"
1201,"Suicidal"
11160,"Anxiety"
40192,"Anxiety"
39949,"Suicidal"
30476,"Normal"
34968,"Normal"
28761,"Depression"
44187,"Depression"
41876,"Anxiety"
26491,"Normal"
40971,"Anxiety"
43360,"Depression"
66,"Suicidal"
20222,"Suicidal"
8857,"Depression"
48131,"Anxiety"
9429,"Suicidal"
39307,"Anxiety"
32605,"Normal"
22892,"Depression"
46457,"Anxiety"
45043,"Depression"
28546,"Normal"
30581,"Suicidal"
48402,"Depression"
40350,"Anxiety"
38712,"Depression"
44363,"Depression"
46891,"Depression"
9068,"Suicidal"
14450,"Normal"
701,"Suicidal"
7512,"Normal"
30277,"Anxiety"
22977,"Suicidal"
43339,"Suicidal"
8024,"Normal"
23821,"Suicidal"
45907,"Anxiety"
22753,"Anxiety"
44245,"Suicidal"
45012,"Normal"
20226,"Depression"
22588,"Depression"
20131,"Depression"
47178,"Anxiety"
46306,"Depression"
39351,"Suicidal"
31700,"Normal"
21961,"Suicidal"
35805,"Anxiety"
1292,"Depression"
32057,"Anxiety"
42326,"Depression"
42543,"Depression"
737,"Depression"
17532,"Normal"
28144,"Anxiety"
31834,"Normal"
29149,"Depression"
48029,"Anxiety"
35977,"Normal"
33548,"Normal"
42115,"Depression"
12733,"Depression"
43365,"Anxiety"
708,"Anxiety"
34406,"Anxiety"
20719,"Normal"
49019,"Depression"
22242,"Anxiety"
8371,"Suicidal"
28194,"Normal"
16929,"Normal"
42246,"Anxiety"
3104,"Normal"
37881,"Suicidal"
47625,"Suicidal"
1960,"Anxiety"
21107,"Anxiety"
34282,"Normal"
39558,"Depression"
41241,"Anxiety"
35351,"Anxiety"
6858,"Depression"
676,"Suicidal"
38739,"Depression"
20529,"Suicidal"
25691,"Suicidal"
31543,"Suicidal"
17473,"Anxiety"
28219,"Suicidal"
40793,"Suicidal"
7981,"Depression"
27113,"Suicidal"
9230,"Depression"
9770,"Anxiety"
32001,"Depression"
19219,"Suicidal"
13578,"Depression"
11808,"Depression"
23043,"Depression"
22567,"Anxiety"
4141,"Anxiety"
48329,"Normal"
22442,"Anxiety"
41964,"Anxiety"
31714,"Suicidal"
32166,"Anxiety"
42572,"Normal"
35377,"Depression"
28685,"Suicidal"
4262,"Depression"
42369,"Suicidal"
39647,"Anxiety"
10076,"Suicidal"
15152,"Anxiety"
43793,"Normal"
49343,"Depression"
24361,"Suicidal"
35418,"Anxiety"
48440,"Depression"
2960,"Normal"
37971,"Anxiety"
27922,"Normal"
16134,"Anxiety"
28912,"Depression"
41491,"Depression"
30017,"Depression"
2807,"Suicidal"
47704,"Depression"
46350,"Anxiety"
15238,"Normal"
38146,"Suicidal"
28386,"Depression"
48985,"Anxiety"
28589,"Anxiety"
35041,"Depression"
1520,"Anxiety"
9516,"Suicidal"
35284,"Anxiety"
47558,"Suicidal"
45108,"Suicidal"
47141,"Anxiety"
32796,"Depression"
39090,"Normal"
5060,"Anxiety"
28434,"Depression"
47867,"Suicidal"
28329,"Normal"
30206,"Depression"
14523,"Normal"
49242,"Depression"
48034,"Suicidal"
39567,"Depression"
40731,"Anxiety"
43721,"Normal"
12590,"Depression"
42247,"Depression"
19778,"Normal"
26451,"Normal"
45495,"Anxiety"
48900,"Depression"
28913,"Depression"
28289,"Normal"
37169,"Suicidal"
28306,"Depression"
39840,"Anxiety"
36823,"Normal"
29748,"Anxiety"
28618,"Normal"
42693,"Suicidal"
12936,"Depression"
10478,"Anxiety"
23636,"Anxiety"
5544,"Depression"
27984,"Normal"
16010,"Anxiety"
34339,"Depression"
38565,"Anxiety"
33879,"Depression"
13973,"Normal"
40923,"Normal"
42230,"Depression"
101,"Depression"
31076,"Depression"
39265,"Normal"
20130,"Suicidal"
6682,"Depression"
32602,"Normal"
776,"Suicidal"
29037,"Depression"
49152,"Depression"
39839,"Depression"
28590,"Suicidal"
3565,"Suicidal"
44429,"Suicidal"
16788,"Anxiety"
2848,"Suicidal"
19300,"Depression"
14514,"Normal"
31358,"Depression"
49204,"Anxiety"
39519,"Normal"
33612,"Suicidal"
11887,"Suicidal"
20693,"Normal"
12136,"Suicidal"
11875,"Anxiety"
33038,"Anxiety"
46109,"Anxiety"
42981,"Suicidal"
42773,"Suicidal"
8145,"Anxiety"
39649,"Normal"
31518,"Depression"
5845,"Suicidal"
37348,"Depression"
45841,"Depression"
22147,"Depression"
42937,"Depression"
7674,"Normal"
33059,"Depression"
43658,"Normal"
13475,"Normal"
29111,"Suicidal"
45164,"Anxiety"
19498,"Normal"
20136,"Depression"
41174,"Suicidal"
7306,"Anxiety"
39849,"Suicidal"
41354,"Suicidal"
16388,"Anxiety"
26517,"Depression"
29958,"Normal"
13571,"Anxiety"
29351,"Normal"
7407,"Depression"
25686,"Anxiety"
28795,"Suicidal"
25641,"Suicidal"
30431,"Depression"
36892,"Anxiety"
13364,"Depression"
19051,"Depression"
44021,"Depression"
47626,"Depression"
18830,"Depression"
17923,"Depression"
33124,"Anxiety"
20762,"Suicidal"
26825,"Depression"
12406,"Suicidal"
36242,"Suicidal"
21786,"Depression"
16805,"Depression"
30355,"Anxiety"
41613,"Normal"
47673,"Anxiety"
35593,"Anxiety"
33646,"Normal"
10605,"Suicidal"
9155,"Anxiety"
49255,"Normal"
30028,"Anxiety"
33333,"Anxiety"
73,"Anxiety"
38800,"Anxiety"
5737,"Normal"
20462,"Suicidal"
17649,"Anxiety"
19307,"Suicidal"
43811,"Depression"
19189,"Anxiety"
4010,"Depression"
34283,"Anxiety"
17290,"Normal"
2038,"Anxiety"
11931,"Depression"
34239,"Depression"
41850,"Suicidal"
26918,"Depression"
44972,"Suicidal"
11139,"Suicidal"
47244,"Depression"
20052,"Anxiety"
23725,"Anxiety"
15182,"Depression"
36628,"Suicidal"
18836,"Depression"
29470,"Depression"
27550,"Depression"
37661,"Depression"
39666,"Depression"
46917,"Normal"
30360,"Depression"
39286,"Suicidal"
8277,"Depression"
10688,"Suicidal"
41388,"Suicidal"
12723,"Normal"
13603,"Anxiety"
27765,"Anxiety"
16773,"Suicidal"
29265,"Normal"
14374,"Depression"
30416,"Normal"
2138,"Anxiety"
9592,"Depression"
458,"Anxiety"
28710,"Suicidal"
2068,"Depression"
6655,"Normal"
13282,"Normal"
28457,"Depression"
48027,"Normal"
17914,"Normal"
28613,"Anxiety"
16934,"Normal"
28626,"Normal"
8250,"Suicidal"
5696,"Suicidal"
24113,"Anxiety"
19639,"Anxiety"
22760,"Suicidal"
47541,"Suicidal"
18437,"Depression"
38022,"Normal"
46224,"Normal"
31131,"Normal"
39291,"Depression"
48804,"Suicidal"
46296,"Depression"
45169,"Normal"
15556,"Suicidal"
28864,"Depression"
28770,"Anxiety"
40800,"Anxiety"
28669,"Anxiety"
39395,"Suicidal"
19669,"Anxiety"
49466,"Anxiety"
11088,"Normal"
49484,"Normal"
20920,"Normal"
40863,"Depression"
1545,"Normal"
45056,"Suicidal"
42359,"Depression"
43299,"Normal"
4455,"Anxiety"
36913,"Depression"
17654,"Depression"
30903,"Suicidal"
29638,"Suicidal"
48420,"Depression"
25844,"Normal"
206,"Suicidal"
23090,"Anxiety"
9628,"Suicidal"
4407,"Depression"
41880,"Normal"
37986,"Anxiety"
40575,"Suicidal"
24929,"Depression"
18886,"Suicidal"
940,"Normal"
28886,"Suicidal"
42218,"Depression"
12009,"Anxiety"
10864,"Suicidal"
14582,"Suicidal"
39687,"Normal"
9179,"Suicidal"
44957,"Anxiety"
39580,"Suicidal"
49609,"Anxiety"
36568,"Anxiety"
9264,"Depression"
27965,"Depression"
30663,"Anxiety"
33716,"Normal"
8074,"Anxiety"
16879,"Suicidal"
43593,"Anxiety"
25884,"Suicidal"
2384,"Anxiety"
44628,"Normal"
10224,"Suicidal"
47164,"Depression"
10573,"Normal"
22336,"Anxiety"
6881,"Depression"
27932,"Anxiety"
9477,"Normal"
11093,"Depression"
15115,"Suicidal"
10891,"Anxiety"
44715,"Depression"
4354,"Anxiety"
29656,"Depression"
42955,"Anxiety"
8137,"Normal"
31439,"Normal"
39906,"Depression"
13699,"Anxiety"
46166,"Normal"
15849,"Suicidal"
10717,"Anxiety"
9010,"Suicidal"
47668,"Anxiety"
46342,"Suicidal"
42783,"Depression"
32950,"Suicidal"
29078,"Depression"
31055,"Anxiety"
3353,"Depression"
24728,"Depression"
43137,"Anxiety"
39055,"Suicidal"
1765,"Normal"
25754,"Suicidal"
38329,"Anxiety"
10209,"Depression"
34940,"Depression"
14934,"Depression"
2698,"Normal"
20750,"Anxiety"
7906,"Depression"
7043,"Suicidal"
3556,"Depression"
38708,"Depression"
28416,"Depression"
44948,"Anxiety"
29157,"Anxiety"
10781,"Depression"
27831,"Anxiety"
24911,"Anxiety"
46464,"Depression"
12523,"Normal"
9197,"Suicidal"
39228,"Depression"
40010,"Depression"
27918,"Suicidal"
48111,"Anxiety"
19011,"Anxiety"
37848,"Suicidal"
32074,"Suicidal"
8235,"Suicidal"
6843,"Suicidal"
48121,"Depression"
7330,"Anxiety"
41201,"Anxiety"
38869,"Normal"
38335,"Depression"
4261,"Depression"
21939,"Suicidal"
14262,"Suicidal"
17117,"Suicidal"
21664,"Anxiety"
47497,"Depression"
9216,"Depression"
130,"Depression"
23665,"Normal"
38499,"Anxiety"
32923,"Depression"
8962,"Normal"
41211,"Depression"
16681,"Anxiety"
12778,"Suicidal"
21324,"Suicidal"
44965,"Normal"
10202,"Anxiety"
13641,"Anxiety"
7121,"Anxiety"
46025,"Anxiety"
17296,"Suicidal"
12193,"Normal"
43626,"Normal"
40100,"Suicidal"
35223,"Depression"
8326,"Suicidal"
8790,"Depression"
25617,"Depression"
41351,"Depression"
11247,"Suicidal"
36028,"Suicidal"
14517,"Suicidal"
24914,"Anxiety"
43864,"Suicidal"
40886,"Anxiety"
33197,"Anxiety"
36922,"Normal"
31652,"Normal"
49588,"Anxiety"
22215,"Suicidal"
29230,"Normal"
18156,"Anxiety"
28350,"Suicidal"
43483,"Anxiety"
42694,"Normal"
15202,"Suicidal"
21126,"Normal"
2409,"Depression"
15501,"Depression"
39665,"Suicidal"
39948,"Normal"
15136,"Suicidal"
31514,"Anxiety"
14981,"Anxiety"
14987,"Normal"
5495,"Normal"
4150,"Anxiety"
44087,"Depression"
6361,"Suicidal"
48363,"Depression"
39993,"Depression"
31992,"Normal"
21100,"Suicidal"
27500,"Suicidal"
38636,"Anxiety"
28179,"Normal"
18920,"Anxiety"
28287,"Anxiety"
32264,"Suicidal"
1401,"Anxiety"
29253,"Depression"
22899,"Depression"
2469,"Suicidal"
2870,"Depression"
10389,"Anxiety"
4202,"Suicidal"
33524,"Depression"
7587,"Suicidal"
46689,"Suicidal"
21618,"Depression"
32578,"Normal"
13007,"Normal"
35032,"Normal"
16064,"Normal"
39487,"Depression"
23826,"Anxiety"
7457,"Normal"
40223,"Depression"
802,"Normal"
44264,"Depression"
3970,"Depression"
3691,"Normal"
15736,"Suicidal"
28620,"Anxiety"
11773,"Anxiety"
21896,"Normal"
47469,"Normal"
20138,"Suicidal"
33361,"Depression"
9478,"Anxiety"
40101,"Depression"
144,"Depression"
2596,"Normal"
24945,"Normal"
45135,"Depression"
23313,"Depression"
48832,"Normal"
40001,"Anxiety"
2378,"Depression"
30163,"Depression"
19716,"Depression"
39284,"Normal"
32318,"Suicidal"
15977,"Suicidal"
17984,"Depression"
266,"Suicidal"
12381,"Depression"
47074,"Anxiety"
39305,"Normal"
22684,"Suicidal"
8709,"Suicidal"
46020,"Anxiety"
34833,"Suicidal"
48573,"Anxiety"
17380,"Depression"
27541,"Depression"
20451,"Normal"
27413,"Suicidal"
14410,"Suicidal"
42084,"Depression"
22947,"Anxiety"
40125,"Anxiety"
2586,"Depression"
41299,"Depression"
43044,"Anxiety"
29015,"Depression"
2429,"Suicidal"
28736,"Normal"
17891,"Anxiety"
11738,"Suicidal"
18228,"Normal"
8621,"Depression"
45345,"Suicidal"
35654,"Depression"
45716,"Depression"
14389,"Depression"
31276,"Normal"
7125,"Depression"
49206,"Suicidal"
11730,"Anxiety"
48493,"Suicidal"
42837,"Anxiety"
15018,"Depression"
41441,"Suicidal"
28460,"Normal"
38017,"Suicidal"
38511,"Suicidal"
47078,"Normal"
39997,"Depression"
10839,"Anxiety"
7078,"Suicidal"
15837,"Depression"
31565,"Anxiety"
23711,"Suicidal"
47195,"Depression"
28836,"Depression"
44842,"Depression"
7373,"Normal"
40080,"Suicidal"
39432,"Suicidal"
2154,"Anxiety"
20295,"Normal"
39698,"Anxiety"
37490,"Anxiety"
28797,"Anxiety"
33875,"Depression"
16751,"Anxiety"
8459,"Anxiety"
29081,"Suicidal"
28069,"Normal"
12016,"Depression"
25496,"Depression"
9184,"Depression"
947,"Suicidal"
6962,"Depression"
19662,"Depression"
39418,"Normal"
42755,"Anxiety"
17549,"Anxiety"
41562,"Normal"
29094,"Anxiety"
11341,"Depression"
100,"Suicidal"
1490,"Anxiety"
35005,"Depression"
33741,"Anxiety"
32004,"Normal"
47564,"Depression"
40876,"Depression"
25168,"Anxiety"
27656,"Depression"
17784,"Anxiety"
12447,"Suicidal"
25830,"Depression"
25706,"Normal"
33775,"Normal"
42641,"Normal"
19239,"Anxiety"
37428,"Depression"
39657,"Anxiety"
7959,"Normal"
44466,"Normal"
8114,"Suicidal"
44766,"Normal"
2211,"Depression"
28810,"Anxiety"
16182,"Depression"
2183,"Depression"
20627,"Anxiety"
13513,"Depression"
7844,"Anxiety"
43061,"Normal"
33099,"Suicidal"
6456,"Anxiety"
41062,"Normal"
41669,"Depression"
27727,"Suicidal"
14604,"Anxiety"
13369,"Normal"
9027,"Anxiety"
20327,"Suicidal"
9514,"Normal"
17574,"Suicidal"
6732,"Anxiety"
47097,"Suicidal"
32727,"Suicidal"
33191,"Suicidal"
45624,"Depression"
7387,"Normal"
40032,"Normal"
43733,"Normal"
19421,"Depression"
16315,"Anxiety"
48539,"Anxiety"
36478,"Depression"
23046,"Depression"
11349,"Depression"
4017,"Normal"
40152,"Normal"
19508,"Suicidal"
13718,"Suicidal"
28943,"Anxiety"
13476,"Anxiety"
15331,"Anxiety"
18826,"Normal"
27906,"Depression"
14590,"Depression"
33816,"Suicidal"
2721,"Depression"
6622,"Depression"
507,"Anxiety"
30224,"Suicidal"
36995,"Normal"
39077,"Suicidal"
7310,"Suicidal"
28125,"Depression"
8116,"Suicidal"
15048,"Anxiety"
46369,"Normal"
13887,"Anxiety"
35791,"Normal"
11886,"Anxiety"
43669,"Suicidal"
31349,"Depression"
21745,"Depression"
37532,"Anxiety"
38742,"Depression"
20885,"Suicidal"
36990,"Normal"
28743,"Depression"
77,"Depression"
17544,"Normal"
47792,"Depression"
13986,"Normal"
21257,"Anxiety"
41951,"Normal"
349,"Anxiety"
35261,"Anxiety"
40317,"Depression"
20344,"Anxiety"
28521,"Suicidal"
13528,"Normal"
18458,"Depression"
33863,"Suicidal"
21483,"Anxiety"
19521,"Depression"
47209,"Depression"
16199,"Suicidal"
11350,"Suicidal"
12264,"Depression"
47481,"Anxiety"
40250,"Normal"
16351,"Normal"
5442,"Depression"
21183,"Anxiety"
49250,"Depression"
14613,"Suicidal"
11964,"Anxiety"
4115,"Anxiety"
45277,"Anxiety"
33143,"Depression"
39952,"Normal"
5887,"Depression"
39908,"Anxiety"
45833,"Depression"
39249,"Normal"
724,"Suicidal"
28644,"Anxiety"
29096,"Suicidal"
28908,"Normal"
681,"Suicidal"
39148,"Normal"
17774,"Suicidal"
30139,"Suicidal"
4066,"Anxiety"
19048,"Anxiety"
20282,"Suicidal"
41449,"Depression"
13148,"Suicidal"
390,"Normal"
46808,"Depression"
15318,"Anxiety"
21832,"Suicidal"
49221,"Depression"
43013,"Suicidal"
36791,"Suicidal"
47443,"Normal"
41142,"Normal"
6766,"Depression"
2161,"Normal"
42877,"Anxiety"
12772,"Anxiety"
46700,"Anxiety"
39293,"Suicidal"
49304,"Depression"
29125,"Suicidal"
6964,"Normal"
43405,"Depression"
18441,"Suicidal"
18188,"Normal"
21479,"Anxiety"
43712,"Anxiety"
23702,"Suicidal"
32204,"Depression"
44893,"Anxiety"
41758,"Normal"
9294,"Anxiety"
38299,"Anxiety"
49314,"Normal"
22407,"Depression"
10893,"Suicidal"
39652,"Anxiety"
35797,"Suicidal"
38,"Suicidal"
40820,"Normal"
49447,"Normal"
14256,"Anxiety"
6285,"Anxiety"
13096,"Anxiety"
21270,"Suicidal"
24165,"Anxiety"
21688,"Anxiety"
18866,"Depression"
27850,"Normal"
20773,"Anxiety"
15824,"Depression"
8898,"Depression"
17303,"Normal"
22650,"Suicidal"
8945,"Normal"
22526,"Depression"
17201,"Depression"
39820,"Normal"
5628,"Depression"
30060,"Anxiety"
5009,"Suicidal"
40807,"Anxiety"
14548,"Normal"
525,"Anxiety"
7881,"Depression"
20405,"Suicidal"
49399,"Suicidal"
32844,"Normal"
19053,"Anxiety"
47135,"Depression"
39873,"Depression"
30172,"Depression"
7531,"Depression"
37885,"Anxiety"
9790,"Suicidal"
22558,"Normal"
28415,"Normal"
22722,"Suicidal"
18528,"Depression"
41179,"Anxiety"
42228,"Suicidal"
13662,"Depression"
6387,"Depression"
169,"Suicidal"
187,"Anxiety"
11302,"Depression"
548,"Anxiety"
36436,"Suicidal"
48862,"Anxiety"
29095,"Normal"
28543,"Depression"
28255,"Suicidal"
3779,"Suicidal"
40323,"Suicidal"
42124,"Normal"
44153,"Suicidal"
44977,"Suicidal"
14647,"Depression"
18160,"Depression"
39544,"Normal"
245,"Normal"
36054,"Depression"
29767,"Suicidal"
34106,"Anxiety"
22485,"Anxiety"
21267,"Suicidal"
39713,"Normal"
18526,"Normal"
33286,"Suicidal"
17957,"Anxiety"
36592,"Normal"
26864,"Suicidal"
33908,"Anxiety"
16167,"Depression"
9180,"Depression"
93,"Anxiety"
39205,"Suicidal"
33202,"Depression"
23910,"Anxiety"
34858,"Depression"
23536,"Anxiety"
9153,"Anxiety"
31995,"Normal"
44493,"Anxiety"
34091,"Suicidal"
28789,"Depression"
12919,"Depression"
40531,"Anxiety"
39030,"Suicidal"
8403,"Suicidal"
29258,"Suicidal"
28285,"Depression"
39682,"Anxiety"
4806,"Anxiety"
28533,"Anxiety"
33738,"Depression"
15253,"Normal"
12870,"Suicidal"
31469,"Depression"
36935,"Anxiety"
44062,"Suicidal"
10333,"Anxiety"
28181,"Depression"
3448,"Depression"
43406,"Suicidal"
112,"Depression"
28587,"Anxiety"
41643,"Anxiety"
42469,"Anxiety"
42083,"Normal"
22720,"Anxiety"
2393,"Normal"
49368,"Normal"
30450,"Anxiety"
16390,"Anxiety"
13109,"Depression"
49571,"Suicidal"
19871,"Normal"
704,"Suicidal"
43341,"Normal"
34460,"Suicidal"
16077,"Anxiety"
39797,"Depression"
7256,"Suicidal"
7677,"Depression"
39678,"Depression"
27843,"Depression"
11721,"Normal"
46292,"Suicidal"
1840,"Normal"
544,"Anxiety"
47264,"Normal"
8830,"Suicidal"
39628,"Suicidal"
29074,"Normal"
46273,"Suicidal"
28241,"Anxiety"
48032,"Normal"
449,"Suicidal"
10450,"Depression"
33146,"Suicidal"
1476,"Anxiety"
18299,"Suicidal"
32819,"Suicidal"
35886,"Normal"
459,"Depression"
20097,"Depression"
29635,"Anxiety"
12220,"Normal"
27898,"Depression"
20348,"Normal"
18363,"Suicidal"
32550,"Normal"
689,"Normal"
27826,"Anxiety"
22266,"Suicidal"
34183,"Suicidal"
42062,"Anxiety"
48130,"Depression"
33551,"Suicidal"
22797,"Depression"
38000,"Depression"
40479,"Suicidal"
47476,"Normal"
26816,"Anxiety"
10547,"Anxiety"
30425,"Anxiety"
12736,"Suicidal"
4557,"Anxiety"
44184,"Normal"
19840,"Depression"
43837,"Anxiety"
16363,"Depression"
49320,"Suicidal"
14524,"Anxiety"
1171,"Suicidal"
28432,"Anxiety"
46694,"Normal"
28150,"Depression"
46122,"Normal"
594,"Anxiety"
21709,"Suicidal"
18531,"Normal"
39719,"Suicidal"
40128,"Suicidal"
32823,"Depression"
6421,"Normal"
45510,"Suicidal"
18726,"Normal"
44533,"Depression"
41336,"Depression"
11313,"Suicidal"
146,"Anxiety"
31200,"Anxiety"
31501,"Depression"
43808,"Depression"
7399,"Suicidal"
37333,"Depression"
9995,"Anxiety"
27587,"Depression"
46784,"Normal"
21985,"Normal"
15368,"Normal"
14823,"Depression"
8420,"Suicidal"
32468,"Normal"
33198,"Depression"
25524,"Suicidal"
36095,"Depression"
15787,"Suicidal"
9458,"Suicidal"
5482,"Anxiety"
47037,"Normal"
9818,"Depression"
9650,"Anxiety"
25402,"Normal"
24357,"Normal"
32177,"Suicidal"
420,"Depression"
30992,"Suicidal"
42651,"Anxiety"
13174,"Suicidal"
33355,"Suicidal"
39549,"Depression"
41042,"Anxiety"
14844,"Normal"
27823,"Normal"
45723,"Anxiety"
699,"Normal"
1613,"Suicidal"
25640,"Normal"
30137,"Normal"
25069,"Suicidal"
37726,"Normal"
39288,"Depression"
12837,"Normal"
44718,"Depression"
12607,"Anxiety"
39110,"Suicidal"
41007,"Depression"
36096,"Depression"
44496,"Normal"
31244,"Normal"
22512,"Suicidal"
523,"Depression"
34734,"Normal"
47944,"Depression"
33730,"Anxiety"
25664,"Normal"
33477,"Depression"
43325,"Normal"
20570,"Depression"
21281,"Suicidal"
513,"Normal"
48518,"Anxiety"
26109,"Depression"
23832,"Suicidal"
28909,"Depression"
46412,"Depression"
9670,"Suicidal"
17043,"Suicidal"
25102,"Normal"
40939,"Anxiety"
12073,"Anxiety"
6198,"Normal"
17145,"Normal"
7224,"Normal"
17252,"Anxiety"
7346,"Depression"
44903,"Depression"
27875,"Anxiety"
506,"Anxiety"
37025,"Suicidal"
9531,"Depression"
6427,"Anxiety"
29806,"Depression"
32507,"Normal"
47777,"Normal"
3811,"Anxiety"
34752,"Normal"
30790,"Normal"
29527,"Suicidal"
38969,"Anxiety"
31138,"Depression"
1007,"Depression"
46613,"Suicidal"
44409,"Normal"
32615,"Depression"
24921,"Normal"
28929,"Normal"
39195,"Anxiety"
21504,"Anxiety"
39344,"Normal"
18572,"Suicidal"
47573,"Anxiety"
21026,"Anxiety"
19097,"Normal"
40129,"Anxiety"
9796,"Normal"
28843,"Anxiety"
43465,"Suicidal"
36479,"Suicidal"
43528,"Normal"
30576,"Depression"
24448,"Depression"
47090,"Anxiety"
40777,"Suicidal"
785,"Suicidal"
37825,"Anxiety"
21994,"Suicidal"
14134,"Suicidal"
28758,"Anxiety"
14478,"Normal"
17514,"Suicidal"
39929,"Normal"
25210,"Suicidal"
28583,"Anxiety"
4899,"Depression"
12667,"Normal"
38992,"Suicidal"
24266,"Normal"
124,"Depression"
7175,"Suicidal"
34878,"Anxiety"
31136,"Depression"
11127,"Suicidal"
49514,"Normal"
11971,"Normal"
28812,"Normal"
12112,"Depression"
34879,"Anxiety"
43393,"Anxiety"
45790,"Depression"
44888,"Normal"
23415,"Normal"
41149,"Suicidal"
8318,"Anxiety"
14131,"Normal"
47835,"Depression"
41459,"Depression"
33142,"Depression"
45810,"Anxiety"
38647,"Suicidal"
2975,"Suicidal"
42549,"Anxiety"
37177,"Suicidal"
31721,"Depression"
7660,"Suicidal"
17592,"Normal"
43179,"Anxiety"
26936,"Depression"
38590,"Depression"
1233,"Normal"
21824,"Anxiety"
261,"Depression"
17002,"Anxiety"
7167,"Anxiety"
47376,"Depression"
43523,"Anxiety"
2949,"Suicidal"
28390,"Suicidal"
39097,"Suicidal"
48959,"Depression"
46782,"Suicidal"
8966,"Anxiety"
39309,"Normal"
30393,"Suicidal"
5793,"Suicidal"
40430,"Normal"
9064,"Depression"
137,"Anxiety"
25331,"Suicidal"
44795,"Depression"
30835,"Depression"
34606,"Normal"
31194,"Suicidal"
46032,"Suicidal"
6921,"Suicidal"
44937,"Anxiety"
32509,"Normal"
29690,"Suicidal"
48984,"Depression"
47577,"Anxiety"
976,"Normal"
24751,"Normal"
42697,"Normal"
7164,"Normal"
23080,"Depression"
48356,"Depression"
44803,"Normal"
42106,"Depression"
21019,"Depression"
28559,"Anxiety"
20809,"Depression"
12170,"Suicidal"
8685,"Depression"
47023,"Anxiety"
41752,"Depression"
2414,"Normal"
4479,"Depression"
8001,"Normal"
29827,"Depression"
13634,"Anxiety"
4786,"Suicidal"
12634,"Normal"
30294,"Depression"
35766,"Suicidal"
11068,"Normal"
48766,"Depression"
45782,"Normal"
43138,"Normal"
25625,"Suicidal"
37294,"Normal"
18296,"Normal"
21951,"Depression"
32094,"Depression"
16679,"Suicidal"
8919,"Depression"
20216,"Suicidal"
44952,"Suicidal"
47737,"Normal"
45184,"Suicidal"
45420,"Suicidal"
42809,"Depression"
12666,"Anxiety"
47171,"Anxiety"
21604,"Suicidal"
19406,"Depression"
33790,"Anxiety"
12912,"Anxiety"
34159,"Depression"
4172,"Depression"
7640,"Anxiety"
27924,"Normal"
19187,"Depression"
47774,"Suicidal"
14558,"Depression"
9821,"Suicidal"
10293,"Depression"
12182,"Anxiety"
23729,"Normal"
49063,"Suicidal"
29029,"Normal"
39200,"Suicidal"
28106,"Depression"
42939,"Depression"
15877,"Anxiety"
45996,"Suicidal"
31077,"Suicidal"
24437,"Suicidal"
34837,"Anxiety"
21454,"Normal"
35532,"Anxiety"
16884,"Anxiety"
25031,"Normal"
31837,"Suicidal"
36298,"Suicidal"
18037,"Depression"
30422,"Normal"
21430,"Depression"
36225,"Anxiety"
22700,"Normal"
48651,"Anxiety"
17850,"Normal"
48266,"Normal"
4390,"Normal"
48817,"Anxiety"
13470,"Suicidal"
10407,"Depression"
10933,"Depression"
919,"Normal"
38472,"Depression"
553,"Normal"
15872,"Normal"
23445,"Suicidal"
42195,"Normal"
49195,"Normal"
24893,"Suicidal"
5365,"Anxiety"
10207,"Depression"
41364,"Depression"
34649,"Suicidal"
31423,"Anxiety"
14979,"Normal"
23608,"Anxiety"
25175,"Depression"
17284,"Normal"
38406,"Suicidal"
35254,"Anxiety"
19501,"Depression"
19651,"Anxiety"
29433,"Suicidal"
29286,"Depression"
47224,"Depression"
10773,"Normal"
47935,"Anxiety"
17795,"Suicidal"
5752,"Suicidal"
29706,"Suicidal"
16507,"Depression"
48547,"Suicidal"
31933,"Normal"
7956,"Anxiety"
44560,"Anxiety"
49316,"Anxiety"
45917,"Depression"
48331,"Depression"
19309,"Normal"
47643,"Suicidal"
33671,"Suicidal"
41180,"Suicidal"
29955,"Suicidal"
30541,"Depression"
42011,"Depression"
11494,"Suicidal"
33134,"Anxiety"
41248,"Suicidal"
39187,"Depression"
5117,"Depression"
20358,"Suicidal"
9979,"Suicidal"
16601,"Depression"
45989,"Suicidal"
49143,"Anxiety"
47484,"Depression"
43111,"Normal"
32813,"Depression"
45650,"Anxiety"
11281,"Anxiety"
39598,"Anxiety"
21917,"Depression"
45418,"Suicidal"
17916,"Anxiety"
15784,"Depression"
17933,"Depression"
300,"Depression"
42597,"Depression"
13663,"Normal"
32694,"Depression"
23488,"Anxiety"
1411,"Normal"
11183,"Normal"
456,"Normal"
46895,"Normal"
41105,"Normal"
27493,"Suicidal"
47675,"Depression"
15592,"Normal"
21239,"Suicidal"
8763,"Suicidal"
13580,"Suicidal"
49272,"Depression"
35357,"Normal"
46578,"Depression"
13379,"Depression"
33959,"Suicidal"
19643,"Depression"
26810,"Anxiety"
488,"Anxiety"
1069,"Suicidal"
47951,"Depression"
43704,"Depression"
33138,"Anxiety"
3281,"Suicidal"
33643,"Depression"
39172,"Anxiety"
40396,"Suicidal"
23176,"Anxiety"
39439,"Depression"
43087,"Depression"
37610,"Normal"
560,"Depression"
32824,"Suicidal"
24917,"Normal"
18169,"Depression"
48529,"Suicidal"
36509,"Anxiety"
11537,"Normal"
13179,"Depression"
45145,"Anxiety"
1273,"Anxiety"
45601,"Normal"
12329,"Normal"
11672,"Anxiety"
1055,"Normal"
18263,"Suicidal"
16349,"Suicidal"
45492,"Depression"
23184,"Depression"
25155,"Suicidal"
39035,"Normal"
28692,"Normal"
43311,"Depression"
28731,"Anxiety"
16734,"Depression"
32809,"Normal"
29082,"Depression"
44546,"Suicidal"
17818,"Suicidal"
1975,"Depression"
21141,"Depression"
11371,"Anxiety"
30186,"Suicidal"
7419,"Normal"
22670,"Normal"
5228,"Suicidal"
37824,"Normal"
20613,"Depression"
15242,"Suicidal"
40602,"Depression"
43723,"Depression"
41140,"Anxiety"
6217,"Suicidal"
9864,"Suicidal"
20781,"Anxiety"
41720,"Depression"
25574,"Normal"
26203,"Normal"
1104,"Normal"
48370,"Depression"
21771,"Suicidal"
7882,"Anxiety"
45097,"Anxiety"
5144,"Normal"
48147,"Suicidal"
39176,"Anxiety"
47095,"Depression"
39154,"Normal"
21924,"Depression"
32140,"Anxiety"
32852,"Anxiety"
8521,"Depression"
28412,"Suicidal"
14109,"Normal"
45278,"Normal"
39127,"Anxiety"
41955,"Depression"
20601,"Normal"
42725,"Depression"
35545,"Depression"
11977,"Normal"
19687,"Normal"
40969,"Depression"
678,"Normal"
21830,"Depression"
31275,"Suicidal"
16235,"Depression"
42541,"Anxiety"
35519,"Depression"
7581,"Anxiety"
47168,"Suicidal"
45114,"Anxiety"
14506,"Depression"
166,"Suicidal"
28275,"Normal"
38559,"Depression"
32530,"Depression"
44953,"Depression"
9088,"Depression"
6767,"Suicidal"
26215,"Suicidal"
13500,"Suicidal"
9398,"Suicidal"
264,"Anxiety"
46960,"Depression"
48822,"Anxiety"
46928,"Depression"
29063,"Normal"
31401,"Anxiety"
29437,"Suicidal"
11803,"Suicidal"
14429,"Normal"
11753,"Depression"
49486,"Suicidal"
17082,"Suicidal"
4358,"Depression"
46239,"Suicidal"
47161,"Normal"
10835,"Depression"
9544,"Depression"
8836,"Depression"
31527,"Normal"
19069,"Suicidal"
6111,"Suicidal"
37451,"Depression"
36703,"Depression"
3179,"Depression"
47035,"Anxiety"
20919,"Suicidal"
13172,"Depression"
22847,"Depression"
40510,"Depression"
19820,"Anxiety"
42579,"Normal"
25259,"Normal"
12474,"Normal"
329,"Depression"
43371,"Normal"
49078,"Normal"
40205,"Suicidal"
28922,"Anxiety"
39295,"Anxiety"
29430,"Depression"
9653,"Normal"
49429,"Suicidal"
46855,"Suicidal"
10850,"Anxiety"
46978,"Normal"
13962,"Normal"
3749,"Anxiety"
28094,"Normal"
18500,"Normal"
49315,"Suicidal"
15241,"Normal"
37674,"Depression"
11055,"Anxiety"
45787,"Suicidal"
46603,"Anxiety"
20160,"Normal"
44488,"Depression"
49144,"Normal"
21409,"Depression"
46882,"Suicidal"
4604,"Anxiety"
1203,"Anxiety"
8175,"Depression"
33635,"Anxiety"
18202,"Anxiety"
32576,"Depression"
49094,"Depression"
48115,"Anxiety"
48238,"Anxiety"
48396,"Suicidal"
39591,"Suicidal"
42463,"Depression"
46597,"Normal"
28438,"Depression"
16987,"Normal"
15679,"Normal"
37559,"Suicidal"
18518,"Normal"
40788,"Suicidal"
18586,"Suicidal"
4897,"Depression"
46883,"Normal"
11880,"Depression"
43987,"Normal"
40639,"Anxiety"
48251,"Normal"
24347,"Anxiety"
39770,"Depression"
29075,"Depression"
28321,"Anxiety"
43329,"Depression"
5430,"Suicidal"
5252,"Suicidal"
45123,"Depression"
43707,"Suicidal"
20453,"Depression"
33376,"Normal"
47158,"Anxiety"
46288,"Depression"
49153,"Normal"
16827,"Depression"
22718,"Suicidal"
46934,"Normal"
28973,"Depression"
27857,"Normal"
22648,"Normal"
15405,"Suicidal"
49103,"Depression"
32505,"Suicidal"
6474,"Suicidal"
48720,"Normal"
40803,"Depression"
46016,"Anxiety"
29413,"Normal"
7169,"Normal"
286,"Normal"
21715,"Depression"
27859,"Normal"
45407,"Depression"
39146,"Normal"
412,"Depression"
28017,"Suicidal"
9337,"Suicidal"
1328,"Anxiety"
28951,"Depression"
48918,"Normal"
18112,"Depression"
28095,"Anxiety"
28741,"Anxiety"
8324,"Suicidal"
39625,"Depression"
11987,"Anxiety"
10288,"Suicidal"
48232,"Normal"
29267,"Depression"
40052,"Normal"
22115,"Depression"
44435,"Depression"
24075,"Anxiety"
32719,"Suicidal"
40610,"Normal"
29780,"Depression"
48320,"Depression"
42967,"Depression"
42640,"Anxiety"
28157,"Anxiety"
3137,"Anxiety"
44123,"Anxiety"
23307,"Depression"
28291,"Anxiety"
27547,"Suicidal"
29242,"Suicidal"
42203,"Suicidal"
26714,"Normal"
5681,"Normal"
27504,"Suicidal"
10915,"Normal"
29097,"Depression"
34069,"Suicidal"
16990,"Depression"
43511,"Anxiety"
42315,"Depression"
22428,"Anxiety"
6701,"Suicidal"
22664,"Suicidal"
40377,"Suicidal"
32546,"Depression"
19202,"Depression"
4730,"Depression"
48627,"Suicidal"
7924,"Anxiety"
16485,"Suicidal"
28334,"Anxiety"
13404,"Normal"
15216,"Anxiety"
1252,"Normal"
18770,"Suicidal"
8442,"Anxiety"
20267,"Depression"
29101,"Suicidal"
14898,"Normal"
40576,"Depression"
15310,"Normal"
12411,"Anxiety"
11516,"Suicidal"
33299,"Depression"
9663,"Normal"
43211,"Normal"
28640,"Suicidal"
8613,"Normal"
43214,"Normal"
16156,"Normal"
29119,"Depression"
39913,"Normal"
21818,"Depression"
48699,"Suicidal"
32452,"Suicidal"
41371,"Depression"
31703,"Normal"
36508,"Anxiety"
8540,"Normal"
22958,"Depression"
11784,"Anxiety"
16277,"Anxiety"
45282,"Suicidal"
7213,"Depression"
9615,"Depression"
1485,"Anxiety"
41472,"Normal"
41386,"Anxiety"
48289,"Normal"
9278,"Suicidal"
15775,"Anxiety"
43275,"Normal"
7971,"Normal"
29132,"Depression"
18273,"Normal"
14474,"Anxiety"
14813,"Anxiety"
6290,"Suicidal"
28111,"Anxiety"
31420,"Anxiety"
2166,"Anxiety"
271,"Normal"
6698,"Depression"
29057,"Anxiety"
49433,"Anxiety"
37598,"Depression"
10516,"Normal"
40714,"Normal"
28779,"Suicidal"
29537,"Anxiety"
8431,"Suicidal"
11524,"Normal"
24652,"Depression"
39277,"Suicidal"
36621,"Depression"
20706,"Suicidal"
40333,"Anxiety"
13716,"Depression"
29411,"Anxiety"
20182,"Anxiety"
14638,"Normal"
28189,"Normal"
8356,"Normal"
11473,"Suicidal"
35510,"Normal"
14390,"Suicidal"
22816,"Anxiety"
47603,"Anxiety"
29465,"Normal"
34381,"Anxiety"
46391,"Anxiety"
24418,"Normal"
14219,"Normal"
44791,"Depression"
16732,"Depression"
39170,"Normal"
48340,"Suicidal"
16717,"Normal"
25857,"Anxiety"
10040,"Anxiety"
28012,"Depression"
37646,"Depression"
10110,"Suicidal"
16479,"Normal"
11566,"Suicidal"
15008,"Depression"
40910,"Depression"
20132,"Anxiety"
42045,"Normal"
29417,"Normal"
35507,"Suicidal"
39081,"Suicidal"
34995,"Suicidal"
21053,"Suicidal"
9416,"Depression"
2636,"Depression"
25373,"Normal"
29352,"Suicidal"
17312,"Normal"
45240,"Depression"
13832,"Normal"
40336,"Suicidal"
27888,"Suicidal"
28806,"Suicidal"
8167,"Depression"
28059,"Depression"
7815,"Anxiety"
14249,"Depression"
18855,"Anxiety"
46725,"Depression"
46,"Suicidal"
26336,"Anxiety"
27979,"Depression"
19232,"Normal"
2364,"Depression"
46837,"Anxiety"
39630,"Anxiety"
11726,"Normal"
21853,"Depression"
41981,"Anxiety"
3702,"Depression"
14637,"Depression"
42127,"Suicidal"
17482,"Anxiety"
1632,"Normal"
42174,"Normal"
26424,"Anxiety"
36124,"Suicidal"
12477,"Normal"
8794,"Depression"
48681,"Suicidal"
42793,"Normal"
3773,"Anxiety"
119,"Depression"
20274,"Normal"
23448,"Suicidal"
46341,"Depression"
30500,"Anxiety"
16093,"Suicidal"
27157,"Anxiety"
26504,"Suicidal"
588,"Anxiety"
6328,"Suicidal"
27907,"Depression"
27391,"Depression"
26128,"Depression"
24244,"Suicidal"
6524,"Depression"
4310,"Normal"
584,"Normal"
17733,"Depression"
21368,"Depression"
269,"Normal"
26787,"Depression"
16725,"Anxiety"
398,"Depression"
41789,"Suicidal"
18221,"Suicidal"
44162,"Normal"
39182,"Depression"
11321,"Anxiety"
47517,"Depression"
32139,"Anxiety"
26669,"Anxiety"
21268,"Suicidal"
7808,"Normal"
49383,"Depression"
40459,"Normal"
47830,"Depression"
39640,"Anxiety"
39231,"Normal"
47295,"Suicidal"
16465,"Depression"
1508,"Anxiety"
85,"Normal"
41289,"Suicidal"
30656,"Anxiety"
40088,"Depression"
38515,"Depression"
49458,"Anxiety"
37067,"Normal"
10183,"Normal"
372,"Depression"
19689,"Depression"
24038,"Anxiety"
47662,"Normal"
19938,"Suicidal"
1248,"Suicidal"
4955,"Suicidal"
7841,"Depression"
16398,"Anxiety"
36347,"Suicidal"
23152,"Suicidal"
30458,"Suicidal"
19706,"Anxiety"
18175,"Anxiety"
20033,"Normal"
43597,"Depression"
23857,"Suicidal"
29821,"Anxiety"
37178,"Suicidal"
23856,"Suicidal"
14392,"Normal"
9599,"Normal"
35320,"Suicidal"
19664,"Suicidal"
47015,"Anxiety"
27860,"Anxiety"
9857,"Normal"
5406,"Normal"
19829,"Depression"
12496,"Depression"
35829,"Normal"
28494,"Anxiety"
20887,"Suicidal"
47510,"Anxiety"
46060,"Anxiety"
20409,"Depression"
45379,"Normal"
7271,"Suicidal"
39053,"Anxiety"
34119,"Suicidal"
38801,"Depression"
39750,"Normal"
36837,"Depression"
38338,"Suicidal"
29100,"Depression"
10870,"Suicidal"
27903,"Normal"
8553,"Normal"
13774,"Anxiety"
41532,"Normal"
45421,"Depression"
19281,"Anxiety"
43741,"Depression"
23985,"Anxiety"
47064,"Depression"
30387,"Depression"
48501,"Normal"
46424,"Anxiety"
29243,"Normal"
625,"Anxiety"
44647,"Normal"
490,"Normal"
49178,"Depression"
28584,"Depression"
33399,"Depression"
5558,"Anxiety"
44453,"Anxiety"
16982,"Suicidal"
26063,"Normal"
28297,"Anxiety"
28134,"Normal"
48779,"Depression"
6547,"Suicidal"
34720,"Depression"
40471,"Suicidal"
2584,"Anxiety"
40374,"Anxiety"
32165,"Normal"
7532,"Suicidal"
18631,"Normal"
14811,"Anxiety"
33479,"Suicidal"
47166,"Depression"
49438,"Depression"
15207,"Suicidal"
39874,"Suicidal"
45737,"Normal"
27143,"Anxiety"
2804,"Normal"
19512,"Suicidal"
45812,"Depression"
176,"Depression"
6277,"Anxiety"
28031,"Anxiety"
13552,"Normal"
259,"Anxiety"
19626,"Depression"
43781,"Depression"
24723,"Normal"
3330,"Normal"
49407,"Depression"
28039,"Suicidal"
8317,"Anxiety"
23239,"Anxiety"
28944,"Suicidal"
20107,"Suicidal"
26141,"Anxiety"
29254,"Suicidal"
43389,"Anxiety"
2879,"Anxiety"
15884,"Anxiety"
44558,"Suicidal"
14322,"Suicidal"
25624,"Anxiety"
17578,"Depression"
17130,"Anxiety"
10543,"Anxiety"
30232,"Normal"
14488,"Normal"
31523,"Depression"
10395,"Anxiety"
39801,"Normal"
36853,"Suicidal"
27082,"Anxiety"
9612,"Anxiety"
32483,"Depression"
44990,"Anxiety"
21605,"Suicidal"
48998,"Anxiety"
28815,"Normal"
25308,"Normal"
43102,"Suicidal"
41710,"Depression"
41558,"Suicidal"
145,"Normal"
34931,"Suicidal"
6950,"Suicidal"
19026,"Suicidal"
16516,"Suicidal"
40658,"Suicidal"
13492,"Depression"
8121,"Depression"
18721,"Normal"
39317,"Depression"
38529,"Depression"
36471,"Depression"
11608,"Suicidal"
17529,"Normal"
38021,"Normal"
41709,"Normal"
579,"Suicidal"
22672,"Normal"
19916,"Anxiety"
20445,"Depression"
40550,"Suicidal"
13712,"Normal"
27573,"Anxiety"
18502,"Normal"
27995,"Depression"
33666,"Anxiety"
34907,"Suicidal"
21127,"Anxiety"
19141,"Suicidal"
18588,"Normal"
21981,"Normal"
28573,"Anxiety"
16581,"Normal"
15840,"Normal"
48074,"Depression"
23189,"Normal"
2092,"Anxiety"
41188,"Depression"
19167,"Suicidal"
38792,"Depression"
39661,"Anxiety"
43397,"Depression"
40829,"Depression"
21635,"Depression"
44726,"Depression"
35486,"Depression"
17556,"Suicidal"
36677,"Suicidal"
39904,"Depression"
8765,"Depression"
40176,"Depression"
34874,"Depression"
44589,"Anxiety"
5292,"Depression"
11827,"Suicidal"
40312,"Depression"
23240,"Depression"
42334,"Normal"
8902,"Suicidal"
633,"Depression"
41344,"Normal"
718,"Anxiety"
44626,"Depression"
32568,"Normal"
40293,"Depression"
817,"Suicidal"
26270,"Anxiety"
16514,"Depression"
23461,"Anxiety"
31692,"Suicidal"
7322,"Depression"
3619,"Normal"
24862,"Depression"
39212,"Anxiety"
15940,"Anxiety"
49412,"Depression"
30646,"Suicidal"
44180,"Suicidal"
25771,"Depression"
425,"Suicidal"
30334,"Anxiety"
46791,"Suicidal"
33341,"Anxiety"
47934,"Normal"
22120,"Depression"
32282,"Suicidal"
41427,"Normal"
41434,"Suicidal"
40870,"Anxiety"
43563,"Anxiety"
23571,"Anxiety"
46932,"Suicidal"
19377,"Depression"
20842,"Normal"
8018,"Normal"
33064,"Normal"
142,"Normal"
7628,"Normal"
45699,"Depression"
19865,"Normal"
33903,"Normal"
43268,"Depression"
23535,"Anxiety"
8075,"Normal"
39539,"Anxiety"
10953,"Depression"
1578,"Normal"
28207,"Suicidal"
28198,"Anxiety"
33103,"Normal"
22395,"Anxiety"
36449,"Normal"
39715,"Suicidal"
10355,"Anxiety"
23112,"Anxiety"
46873,"Depression"
35419,"Anxiety"
33372,"Suicidal"
39461,"Suicidal"
26014,"Suicidal"
11344,"Depression"
23647,"Anxiety"
43663,"Suicidal"
48117,"Normal"
5883,"Anxiety"
12251,"Depression"
29833,"Depression"
17506,"Anxiety"
41650,"Normal"
44308,"Depression"
9362,"Anxiety"
39540,"Suicidal"
3443,"Anxiety"
23912,"Depression"
35160,"Depression"
20243,"Suicidal"
25121,"Suicidal"
44303,"Suicidal"
29642,"Normal"
30580,"Suicidal"
48235,"Anxiety"
29410,"Suicidal"
15157,"Suicidal"
18846,"Suicidal"
47970,"Normal"
43366,"Normal"
28276,"Normal"
34565,"Normal"
4980,"Anxiety"
25077,"Depression"
42770,"Suicidal"
63,"Normal"
13054,"Suicidal"
47370,"Depression"
39714,"Anxiety"
32906,"Depression"
29154,"Depression"
314,"Depression"
4737,"Suicidal"
26362,"Depression"
27176,"Normal"
21696,"Depression"
2897,"Depression"
11150,"Suicidal"
9966,"Depression"
14624,"Normal"
41651,"Anxiety"
3105,"Suicidal"
39677,"Normal"
22161,"Normal"
18352,"Anxiety"
28326,"Depression"
21398,"Depression"
42882,"Suicidal"
32744,"Normal"
10826,"Suicidal"
40809,"Normal"
450,"Normal"
15019,"Depression"
5757,"Depression"
22090,"Normal"
252,"Suicidal"
25796,"Normal"
45797,"Depression"
29061,"Anxiety"
25232,"Depression"
40887,"Depression"
33005,"Depression"
13842,"Anxiety"
2033,"Suicidal"
8645,"Depression"
19657,"Depression"
10243,"Anxiety"
46905,"Suicidal"
35295,"Depression"
690,"Anxiety"
48409,"Depression"
13033,"Suicidal"
1005,"Normal"
4988,"Normal"
30662,"Depression"
37917,"Normal"
27845,"Depression"
39651,"Anxiety"
48268,"Depression"
32257,"Normal"
44992,"Anxiety"
29264,"Anxiety"
14848,"Suicidal"
44431,"Anxiety"
40067,"Suicidal"
5795,"Suicidal"
11535,"Normal"
18489,"Normal"
9063,"Anxiety"
25516,"Depression"
320,"Normal"
36787,"Normal"
14461,"Depression"
15737,"Normal"
16227,"Normal"
33827,"Anxiety"
42103,"Normal"
19574,"Normal"
27396,"Normal"
28553,"Normal"
29699,"Anxiety"
40272,"Normal"
15456,"Depression"
37188,"Suicidal"
22614,"Normal"
6027,"Normal"
35065,"Anxiety"
11591,"Depression"
42789,"Suicidal"
25049,"Suicidal"
47568,"Anxiety"
4595,"Depression"
22583,"Anxiety"
8568,"Suicidal"
48227,"Normal"
6043,"Depression"
35892,"Depression"
40482,"Depression"
17736,"Anxiety"
32633,"Depression"
395,"Normal"
28965,"Normal"
24836,"Normal"
30971,"Depression"
26535,"Suicidal"
21429,"Depression"
238,"Normal"
4874,"Normal"
20580,"Depression"
12967,"Anxiety"
104,"Normal"
6542,"Suicidal"
40605,"Anxiety"
4837,"Normal"
27976,"Normal"
35430,"Normal"
38387,"Depression"
39093,"Suicidal"
23630,"Suicidal"
7026,"Normal"
47530,"Depression"
28927,"Depression"
35063,"Suicidal"
4519,"Anxiety"
44928,"Normal"
16560,"Suicidal"
44364,"Suicidal"
4916,"Depression"
29595,"Depression"
12242,"Normal"
43610,"Normal"
8028,"Depression"
5649,"Normal"
25949,"Suicidal"
31504,"Anxiety"
16847,"Anxiety"
28643,"Anxiety"
34898,"Depression"
16492,"Normal"
17429,"Normal"
45742,"Suicidal"
23836,"Depression"
42141,"Anxiety"
17918,"Normal"
43306,"Depression"
41737,"Normal"
43629,"Anxiety"
22109,"Suicidal"
28273,"Suicidal"
28934,"Depression"
45372,"Depression"
43765,"Normal"
19861,"Anxiety"
11772,"Suicidal"
47285,"Depression"
18475,"Depression"
22885,"Normal"
323,"Normal"
18644,"Suicidal"
10637,"Normal"
41578,"Anxiety"
45469,"Depression"
42100,"Anxiety"
8611,"Anxiety"
15704,"Normal"
29773,"Normal"
42670,"Anxiety"
15274,"Anxiety"
30661,"Depression"
35853,"Suicidal"
30587,"Anxiety"
17872,"Anxiety"
41242,"Normal"
21531,"Anxiety"
33641,"Depression"
31861,"Suicidal"
48284,"Anxiety"
15450,"Normal"
33758,"Normal"
11323,"Anxiety"
44694,"Suicidal"
30223,"Normal"
26099,"Suicidal"
17563,"Suicidal"
27372,"Suicidal"
25675,"Suicidal"
18285,"Anxiety"
38286,"Suicidal"
10756,"Suicidal"
4942,"Normal"
43524,"Depression"
9525,"Normal"
22917,"Anxiety"
15630,"Depression"
28526,"Depression"
29801,"Anxiety"
720,"Normal"
40839,"Anxiety"
7551,"Anxiety"
39361,"Suicidal"
34630,"Depression"
19308,"Anxiety"
7071,"Anxiety"
16145,"Depression"
43914,"Suicidal"
39273,"Normal"
46940,"Anxiety"
12243,"Suicidal"
23271,"Anxiety"
10643,"Anxiety"
10883,"Depression"
49038,"Anxiety"
37058,"Suicidal"
22279,"Depression"
47582,"Normal"
29348,"Anxiety"
14015,"Anxiety"
14683,"Normal"
47728,"Suicidal"
29917,"Suicidal"
43140,"Suicidal"
46889,"Suicidal"
32904,"Anxiety"
39303,"Anxiety"
44739,"Normal"
13012,"Normal"
29986,"Depression"
1050,"Anxiety"
15888,"Suicidal"
46462,"Anxiety"
39609,"Normal"
24576,"Depression"
12705,"Depression"
203,"Anxiety"
22191,"Normal"
28807,"Normal"
12689,"Suicidal"
39118,"Depression"
31302,"Anxiety"
26249,"Anxiety"
9850,"Normal"
35626,"Depression"
9041,"Normal"
13910,"Normal"
24887,"Suicidal"
17803,"Anxiety"
23615,"Suicidal"
33100,"Anxiety"
21919,"Anxiety"
14998,"Normal"
45111,"Normal"
43075,"Anxiety"
10650,"Suicidal"
15200,"Depression"
41600,"Normal"
28206,"Depression"
15156,"Normal"
27239,"Normal"
28535,"Depression"
46268,"Depression"
46531,"Depression"
35352,"Depression"
30012,"Anxiety"
14576,"Depression"
23944,"Anxiety"
17039,"Suicidal"
28080,"Normal"
35414,"Suicidal"
10671,"Suicidal"
38094,"Depression"
12409,"Depression"
41769,"Depression"
16404,"Suicidal"
15473,"Depression"
26529,"Depression"
31989,"Anxiety"
20681,"Normal"
46219,"Suicidal"
9313,"Suicidal"
48653,"Depression"
36694,"Depression"
38506,"Depression"
36367,"Normal"
33092,"Depression"
13879,"Suicidal"
45437,"Normal"
38125,"Suicidal"
31749,"Depression"
955,"Anxiety"
8967,"Depression"
18462,"Anxiety"
2649,"Depression"
38724,"Depression"
11193,"Anxiety"
39571,"Anxiety"
7670,"Suicidal"
23017,"Anxiety"
41177,"Anxiety"
5538,"Anxiety"
3667,"Anxiety"
38479,"Normal"
11282,"Anxiety"
30005,"Anxiety"
10582,"Suicidal"
25502,"Suicidal"
7792,"Anxiety"
46373,"Anxiety"
49546,"Normal"
20725,"Depression"
28161,"Normal"
48176,"Suicidal"
10988,"Normal"
37582,"Anxiety"
40429,"Normal"
16583,"Suicidal"
6905,"Depression"
19371,"Suicidal"
41345,"Anxiety"
49507,"Anxiety"
8123,"Suicidal"
48000,"Suicidal"
45494,"Normal"
43816,"Depression"
49361,"Depression"
38452,"Depression"
46631,"Anxiety"
48181,"Anxiety"
17373,"Depression"
16625,"Depression"
39605,"Normal"
28417,"Suicidal"
43605,"Anxiety"
28383,"Depression"
23853,"Normal"
25314,"Suicidal"
28655,"Normal"
27694,"Suicidal"
41896,"Normal"
22898,"Depression"
6615,"Normal"
11799,"Depression"
27579,"Anxiety"
40196,"Anxiety"
40058,"Anxiety"
37101,"Suicidal"
4082,"Anxiety"
22180,"Normal"
43855,"Suicidal"
4656,"Normal"
42457,"Normal"
21724,"Normal"
28474,"Normal"
16498,"Depression"
37276,"Normal"
39562,"Suicidal"
35441,"Suicidal"
21070,"Depression"
24888,"Anxiety"
32695,"Anxiety"
17051,"Suicidal"
26020,"Depression"
17028,"Depression"
43282,"Normal"
45760,"Normal"
27287,"Depression"
14735,"Suicidal"
18483,"Depression"
33505,"Anxiety"
15015,"Anxiety"
8337,"Suicidal"
27835,"Anxiety"
47401,"Depression"
22267,"Depression"
30540,"Normal"
22320,"Anxiety"
4055,"Suicidal"
8638,"Suicidal"
22457,"Normal"
40932,"Anxiety"
3786,"Normal"
33422,"Depression"
36790,"Depression"
5646,"Normal"
13351,"Suicidal"
11047,"Normal"
46690,"Suicidal"
4943,"Depression"
29511,"Suicidal"
36173,"Suicidal"
34396,"Normal"
5955,"Anxiety"
39827,"Anxiety"
6600,"Depression"
12517,"Normal"
45286,"Normal"
2247,"Anxiety"
20941,"Depression"
483,"Anxiety"
22346,"Normal"
41314,"Anxiety"
46362,"Anxiety"
26695,"Normal"
28694,"Anxiety"
653,"Anxiety"
19342,"Suicidal"
9598,"Normal"
41111,"Normal"
17402,"Suicidal"
12288,"Depression"
34126,"Anxiety"
27585,"Anxiety"
9436,"Anxiety"
17349,"Suicidal"
26762,"Normal"
29344,"Anxiety"
12599,"Normal"
44821,"Normal"
8516,"Normal"
7997,"Normal"
36138,"Suicidal"
24941,"Suicidal"
13281,"Suicidal"
1161,"Suicidal"
31511,"Suicidal"
15343,"Depression"
10426,"Depression"
45107,"Suicidal"
26808,"Normal"
42870,"Depression"
28825,"Anxiety"
19638,"Suicidal"
30602,"Suicidal"
39163,"Suicidal"
20158,"Suicidal"
29010,"Depression"
28204,"Depression"
17353,"Anxiety"
1631,"Suicidal"
40180,"Depression"
28324,"Anxiety"
9465,"Normal"
21298,"Normal"
44844,"Suicidal"
6913,"Anxiety"
31954,"Depression"
6353,"Normal"
47750,"Normal"
40623,"Depression"
39501,"Suicidal"
43960,"Suicidal"
12159,"Suicidal"
19536,"Depression"
39197,"Anxiety"
41785,"Anxiety"
27083,"Suicidal"
29121,"Suicidal"
45815,"Depression"
47201,"Anxiety"
8886,"Anxiety"
47214,"Anxiety"
9779,"Depression"
9956,"Normal"
8401,"Normal"
16806,"Suicidal"
3312,"Depression"
16872,"Depression"
14659,"Suicidal"
31808,"Anxiety"
19784,"Depression"
40722,"Depression"
5578,"Depression"
34328,"Anxiety"
39824,"Normal"
10824,"Normal"
20128,"Depression"
32631,"Anxiety"
24265,"Depression"
47669,"Anxiety"
27059,"Depression"
4397,"Suicidal"
21222,"Normal"
16484,"Depression"
11209,"Normal"
39979,"Anxiety"
30919,"Anxiety"
12527,"Depression"
9731,"Suicidal"
48290,"Normal"
33930,"Suicidal"
33656,"Depression"
33226,"Anxiety"
8870,"Depression"
16554,"Suicidal"
44341,"Normal"
3608,"Depression"
22130,"Suicidal"
29106,"Anxiety"
44055,"Depression"
20437,"Depression"
4805,"Normal"
35964,"Suicidal"
44979,"Normal"
31555,"Anxiety"
12279,"Normal"
14828,"Normal"
43086,"Normal"
46282,"Depression"
46909,"Anxiety"
26222,"Anxiety"
3477,"Depression"
48524,"Depression"
29131,"Depression"
7311,"Suicidal"
39466,"Anxiety"
43703,"Depression"
41800,"Depression"
10308,"Anxiety"
39452,"Anxiety"
18768,"Anxiety"
45909,"Suicidal"
7514,"Anxiety"
13335,"Anxiety"
21301,"Suicidal"
43909,"Depression"
2724,"Anxiety"
27632,"Depression"
13775,"Suicidal"
14428,"Anxiety"
45869,"Depression"
28689,"Normal"
21266,"Depression"
662,"Suicidal"
28058,"Anxiety"
16369,"Normal"
41078,"Depression"
4791,"Normal"
27463,"Suicidal"
17832,"Depression"
152,"Normal"
28595,"Anxiety"
10155,"Normal"
16844,"Anxiety"
34555,"Depression"
35069,"Depression"
714,"Suicidal"
19413,"Normal"
16112,"Suicidal"
43091,"Suicidal"
3194,"Normal"
31816,"Depression"
39450,"Depression"
545,"Suicidal"
20057,"Anxiety"
11554,"Depression"
28251,"Normal"
23430,"Suicidal"
6659,"Suicidal"
28717,"Normal"
29161,"Anxiety"
44452,"Suicidal"
18163,"Depression"
183,"Depression"
13134,"Normal"
14608,"Normal"
28261,"Depression"
601,"Suicidal"
28413,"Depression"
45640,"Suicidal"
8351,"Anxiety"
18371,"Normal"
47033,"Anxiety"
345,"Depression"
14535,"Suicidal"
32953,"Depression"
29108,"Anxiety"
46485,"Suicidal"
27685,"Depression"
1666,"Suicidal"
20284,"Normal"
20175,"Anxiety"
29610,"Anxiety"
29134,"Depression"
11223,"Normal"
42997,"Suicidal"
35468,"Depression"
17694,"Normal"
15045,"Anxiety"
41330,"Anxiety"
4774,"Normal"
240,"Suicidal"
32996,"Normal"
8773,"Anxiety"
2671,"Normal"
46607,"Suicidal"
49537,"Normal"
25152,"Depression"
23956,"Normal"
42408,"Depression"
18719,"Normal"
39541,"Suicidal"
40185,"Suicidal"
5673,"Normal"
36397,"Suicidal"
787,"Normal"
15845,"Depression"
46832,"Depression"
45330,"Suicidal"
11521,"Depression"
46503,"Anxiety"
29916,"Suicidal"
10537,"Normal"
48092,"Normal"
21700,"Anxiety"
12098,"Suicidal"
7647,"Anxiety"
36785,"Normal"
40620,"Suicidal"
28665,"Anxiety"
47227,"Anxiety"
21196,"Depression"
8921,"Suicidal"
5713,"Suicidal"
21307,"Depression"
25176,"Normal"
15404,"Normal"
23819,"Depression"
39751,"Suicidal"
41563,"Normal"
46513,"Suicidal"
8748,"Depression"
13311,"Normal"
46639,"Normal"
44480,"Depression"
7625,"Anxiety"
16443,"Depression"
29440,"Depression"
3387,"Normal"
5112,"Anxiety"
871,"Depression"
28889,"Anxiety"
49034,"Normal"
39761,"Suicidal"
49295,"Depression"
16278,"Normal"
16304,"Normal"
39602,"Anxiety"
7666,"Anxiety"
29023,"Depression"
42804,"Suicidal"
26298,"Depression"
28677,"Suicidal"
8863,"Normal"
11539,"Depression"
630,"Anxiety"
45267,"Normal"
20061,"Depression"
23470,"Depression"
4936,"Suicidal"
28676,"Anxiety"
28038,"Depression"
38078,"Suicidal"
31389,"Suicidal"
24501,"Depression"
9459,"Suicidal"
22906,"Suicidal"
5909,"Depression"
44619,"Normal"
14407,"Anxiety"
18438,"Anxiety"
17513,"Suicidal"
16311,"Anxiety"
27407,"Suicidal"
48371,"Anxiety"
11174,"Anxiety"
8462,"Anxiety"
24557,"Suicidal"
28513,"Depression"
29273,"Anxiety"
48724,"Depression"
49052,"Normal"
13964,"Normal"
122,"Normal"
48348,"Normal"
41977,"Anxiety"
36313,"Depression"
12658,"Anxiety"
19623,"Normal"
3022,"Depression"
21928,"Depression"
45346,"Normal"
8961,"Suicidal"
39550,"Depression"
8595,"Normal"
43896,"Anxiety"
22183,"Suicidal"
43510,"Depression"
41750,"Depression"
40869,"Normal"
36540,"Suicidal"
38419,"Suicidal"
47857,"Normal"
24152,"Anxiety"
44797,"Anxiety"
7793,"Anxiety"
9643,"Anxiety"
4960,"Anxiety"
33855,"Anxiety"
40186,"Suicidal"
14804,"Normal"
19611,"Suicidal"
20593,"Anxiety"
43062,"Normal"
39150,"Suicidal"
47566,"Normal"
29840,"Anxiety"
27760,"Suicidal"
9271,"Anxiety"
46356,"Suicidal"
9577,"Normal"
28958,"Anxiety"
28138,"Suicidal"
33869,"Suicidal"
26331,"Anxiety"
46804,"Depression"
42445,"Normal"
21162,"Depression"
33261,"Depression"
27937,"Suicidal"
7202,"Normal"
4690,"Suicidal"
2730,"Normal"
27554,"Anxiety"
27078,"Normal"
24270,"Normal"
5241,"Anxiety"
39472,"Normal"
9847,"Suicidal"
42390,"Anxiety"
37914,"Depression"
8183,"Depression"
39644,"Suicidal"
35241,"Suicidal"
41920,"Depression"
24905,"Suicidal"
16971,"Anxiety"
42350,"Suicidal"
40775,"Anxiety"
7155,"Normal"
11743,"Depression"
19659,"Suicidal"
13721,"Anxiety"
40076,"Anxiety"
33700,"Anxiety"
7823,"Depression"
33598,"Normal"
40891,"Suicidal"
14234,"Suicidal"
48352,"Depression"
38415,"Suicidal"
18953,"Suicidal"
10595,"Depression"
40193,"Anxiety"
1466,"Anxiety"
27885,"Depression"
26802,"Depression"
41200,"Suicidal"
46120,"Anxiety"
28945,"Anxiety"
24091,"Normal"
27974,"Suicidal"
42757,"Suicidal"
37749,"Normal"
21448,"Suicidal"
28778,"Anxiety"
14945,"Suicidal"
23332,"Anxiety"
7642,"Normal"
7671,"Depression"
15981,"Depression"
15361,"Suicidal"
30882,"Anxiety"
40415,"Normal"
46307,"Anxiety"
19936,"Suicidal"
818,"Depression"
20485,"Depression"
29201,"Depression"
9217,"Depression"
12560,"Suicidal"
6319,"Anxiety"
17789,"Suicidal"
22127,"Normal"
55,"Depression"
36759,"Suicidal"
2203,"Suicidal"
5976,"Depression"
10555,"Depression"
42454,"Suicidal"
32117,"Normal"
27782,"Suicidal"
14386,"Depression"
8247,"Suicidal"
43150,"Normal"
17911,"Depression"
1342,"Depression"
37705,"Normal"
40924,"Depression"
22462,"Anxiety"
20184,"Normal"
3585,"Depression"
868,"Suicidal"
14360,"Anxiety"
21972,"Suicidal"
28733,"Suicidal"
1622,"Depression"
13271,"Depression"
39779,"Depression"
32256,"Depression"
34064,"Depression"
49292,"Depression"
9922,"Anxiety"
42139,"Depression"
17311,"Depression"
28915,"Suicidal"
32461,"Suicidal"
18126,"Depression"
17670,"Suicidal"
12244,"Depression"
29208,"Anxiety"
39669,"Suicidal"
43548,"Normal"
28586,"Normal"
22570,"Suicidal"
35812,"Suicidal"
17543,"Normal"
48393,"Normal"
14509,"Normal"
48061,"Normal"
27982,"Suicidal"
32699,"Anxiety"
28519,"Depression"
36739,"Anxiety"
49147,"Suicidal"
12469,"Depression"
48733,"Anxiety"
26949,"Suicidal"
43754,"Depression"
29936,"Anxiety"
49462,"Normal"
47298,"Anxiety"
10385,"Anxiety"
1402,"Suicidal"
38128,"Depression"
21326,"Normal"
42985,"Normal"
11831,"Anxiety"
39654,"Suicidal"
33837,"Suicidal"
6450,"Suicidal"
285,"Suicidal"
44951,"Normal"
46975,"Depression"
46988,"Depression"
36658,"Normal"
23148,"Suicidal"
30494,"Suicidal"
23982,"Suicidal"
43736,"Depression"
991,"Normal"
303,"Anxiety"
24362,"Suicidal"
30931,"Depression"
39156,"Normal"
47390,"Depression"
19437,"Depression"
27711,"Depression"
5287,"Suicidal"
25725,"Suicidal"
38430,"Normal"
9110,"Depression"
44678,"Suicidal"
16128,"Depression"
33101,"Normal"
14840,"Depression"
9421,"Depression"
10051,"Suicidal"
2347,"Depression"
43917,"Normal"
43293,"Normal"
44765,"Depression"
8323,"Anxiety"
36573,"Normal"
17135,"Anxiety"
20657,"Suicidal"
18103,"Suicidal"
18062,"Normal"
469,"Normal"
28820,"Depression"
43875,"Suicidal"
48864,"Suicidal"
40218,"Anxiety"
27349,"Depression"
29110,"Suicidal"
47729,"Normal"
33131,"Anxiety"
8659,"Suicidal"
11686,"Depression"
14074,"Depression"
1924,"Depression"
17121,"Normal"
7717,"Suicidal"
11275,"Normal"
10093,"Anxiety"
25320,"Anxiety"
42989,"Depression"
5242,"Suicidal"
46897,"Suicidal"
38040,"Anxiety"
34531,"Anxiety"
38257,"Depression"
36488,"Suicidal"
609,"Depression"
41500,"Suicidal"
47371,"Suicidal"
6904,"Suicidal"
44835,"Depression"
16671,"Suicidal"
46710,"Anxiety"
9947,"Suicidal"
8544,"Normal"
2610,"Depression"
43459,"Normal"
15293,"Depression"
45883,"Anxiety"
33311,"Suicidal"
5285,"Suicidal"
11873,"Depression"
39467,"Suicidal"
21210,"Suicidal"
4024,"Suicidal"
1065,"Normal"
46740,"Depression"
13039,"Depression"
40798,"Suicidal"
16358,"Normal"
46155,"Anxiety"
30972,"Anxiety"
28145,"Anxiety"
823,"Anxiety"
33065,"Normal"
49100,"Anxiety"
158,"Suicidal"
43790,"Anxiety"
21160,"Normal"
21039,"Anxiety"
8033,"Suicidal"
4258,"Anxiety"
40243,"Anxiety"
27058,"Normal"
39256,"Anxiety"
39255,"Anxiety"
39860,"Normal"
28047,"Depression"
3809,"Depression"
21775,"Anxiety"
17052,"Suicidal"
21899,"Anxiety"
17561,"Suicidal"
15898,"Normal"
38779,"Depression"
28395,"Depression"
40806,"Depression"
268,"Anxiety"
26617,"Depression"
16293,"Anxiety"
20862,"Anxiety"
49482,"Depression"
23961,"Depression"
11060,"Anxiety"
10798,"Suicidal"
16080,"Depression"
16852,"Suicidal"
49030,"Anxiety"
8878,"Normal"
38602,"Depression"
1246,"Suicidal"
39438,"Depression"
24228,"Anxiety"
5688,"Anxiety"
29723,"Anxiety"
7334,"Normal"
25028,"Normal"
21757,"Suicidal"
25029,"Normal"
34357,"Normal"
48351,"Anxiety"
1224,"Anxiety"
11859,"Anxiety"
33224,"Depression"
21759,"Suicidal"
42170,"Suicidal"
48337,"Normal"
42982,"Normal"
14221,"Suicidal"
39709,"Anxiety"
42895,"Normal"
47508,"Normal"
42267,"Suicidal"
7291,"Depression"
17034,"Anxiety"
38924,"Suicidal"
8727,"Suicidal"
4612,"Normal"
16579,"Suicidal"
47677,"Normal"
37491,"Depression"
60,"Depression"
39686,"Suicidal"
41253,"Suicidal"
351,"Depression"
33153,"Anxiety"
38851,"Anxiety"
45911,"Suicidal"
40164,"Normal"
19221,"Suicidal"
21064,"Anxiety"
49333,"Anxiety"
33081,"Depression"
19704,"Anxiety"
15904,"Depression"
39964,"Normal"
31489,"Normal"
27207,"Normal"
28641,"Depression"
4811,"Anxiety"
44083,"Depression"
17341,"Suicidal"
32703,"Depression"
44982,"Depression"
31157,"Anxiety"
9791,"Normal"
31446,"Suicidal"
43546,"Depression"
19567,"Suicidal"
30970,"Anxiety"
9065,"Depression"
29135,"Normal"
13043,"Anxiety"
14562,"Suicidal"
40937,"Depression"
12487,"Normal"
30135,"Suicidal"
17400,"Suicidal"
29225,"Depression"
21041,"Anxiety"
5384,"Anxiety"
14516,"Anxiety"
45203,"Normal"
17863,"Normal"
28389,"Depression"
27464,"Normal"
45931,"Suicidal"
47165,"Depression"
38990,"Anxiety"
11856,"Anxiety"
8395,"Anxiety"
1741,"Suicidal"
12313,"Suicidal"
28500,"Depression"
13376,"Depression"
24056,"Suicidal"
19162,"Suicidal"
12263,"Anxiety"
34605,"Suicidal"
14184,"Depression"
97,"Anxiety"
15455,"Depression"
13046,"Normal"
48885,"Anxiety"
31258,"Suicidal"
38426,"Anxiety"
36490,"Normal"
583,"Anxiety"
46272,"Depression"
22775,"Suicidal"
42484,"Depression"
19925,"Suicidal"
37206,"Depression"
31392,"Suicidal"
44976,"Normal"
39473,"Depression"
40071,"Normal"
45804,"Suicidal"
39977,"Anxiety"
30100,"Normal"
30497,"Normal"
42238,"Suicidal"
12480,"Normal"
26683,"Depression"
7855,"Depression"
48459,"Suicidal"
37433,"Normal"
30429,"Depression"
18046,"Normal"
13265,"Depression"
2098,"Depression"
21550,"Depression"
28570,"Normal"
69,"Normal"
12179,"Normal"
47537,"Suicidal"
44600,"Suicidal"
19178,"Suicidal"
746,"Anxiety"
3082,"Suicidal"
13582,"Anxiety"
40641,"Suicidal"
12730,"Normal"
35904,"Normal"
40962,"Anxiety"
31658,"Anxiety"
38065,"Normal"
39508,"Suicidal"
17526,"Anxiety"
42092,"Depression"
28479,"Suicidal"
32781,"Suicidal"
25062,"Anxiety"
14896,"Depression"
8687,"Anxiety"
45638,"Anxiety"
17942,"Depression"
8354,"Suicidal"
32170,"Anxiety"
2272,"Depression"
3397,"Normal"
42740,"Suicidal"
15162,"Suicidal"
42742,"Anxiety"
45759,"Depression"
31668,"Normal"
8073,"Anxiety"
30889,"Anxiety"
28737,"Anxiety"
30955,"Normal"
39780,"Suicidal"
1232,"Depression"
6349,"Depression"
275,"Anxiety"
36905,"Normal"
41432,"Suicidal"
46661,"Normal"
27900,"Suicidal"
37291,"Normal"
41375,"Suicidal"
26493,"Depression"
437,"Anxiety"
10433,"Normal"
10692,"Suicidal"
35489,"Normal"
48353,"Anxiety"
35594,"Normal"
14778,"Suicidal"
43767,"Normal"
40012,"Depression"
28539,"Anxiety"
28401,"Suicidal"
33119,"Suicidal"
8171,"Anxiety"
307,"Suicidal"
42414,"Anxiety"
28819,"Normal"
11847,"Anxiety"
14721,"Suicidal"
22448,"Suicidal"
28542,"Depression"
385,"Depression"
48665,"Anxiety"
19524,"Suicidal"
16413,"Anxiety"
17086,"Normal"
35957,"Suicidal"
31706,"Depression"
44716,"Anxiety"
43404,"Depression"
30408,"Depression"
48700,"Depression"
11191,"Normal"
43133,"Depression"
42204,"Depression"
31572,"Suicidal"
27448,"Suicidal"
28777,"Anxiety"
29858,"Suicidal"
14250,"Normal"
16218,"Suicidal"
39922,"Suicidal"
25890,"Normal"
28027,"Suicidal"
45343,"Suicidal"
44915,"Depression"
26553,"Anxiety"
6341,"Suicidal"
28082,"Normal"
33313,"Suicidal"
21182,"Normal"
27956,"Normal"
15595,"Anxiety"
11530,"Depression"
11103,"Depression"
49347,"Normal"
39385,"Depression"
41065,"Suicidal"
1787,"Depression"
37659,"Anxiety"
12618,"Suicidal"
5004,"Suicidal"
72,"Normal"
17094,"Depression"
40733,"Depression"
325,"Depression"
46775,"Anxiety"
47585,"Normal"
22817,"Depression"
4288,"Suicidal"
25313,"Anxiety"
87,"Normal"
19737,"Normal"
3293,"Anxiety"
10411,"Anxiety"
48482,"Normal"
27993,"Suicidal"
28055,"Anxiety"
41684,"Normal"
46058,"Normal"
18810,"Depression"
19040,"Anxiety"
31285,"Anxiety"
11195,"Suicidal"
361,"Depression"
40349,"Suicidal"
29179,"Anxiety"
37083,"Suicidal"
22489,"Anxiety"
28690,"Suicidal"
33374,"Suicidal"
15866,"Normal"
25247,"Depression"
32828,"Suicidal"
5457,"Anxiety"
16439,"Anxiety"
46469,"Depression"
5901,"Suicidal"
29599,"Depression"
4639,"Normal"
27933,"Suicidal"
48650,"Suicidal"
16602,"Suicidal"
39557,"Normal"
698,"Normal"
33526,"Depression"
24369,"Suicidal"
27909,"Anxiety"
9609,"Normal"
38519,"Depression"
27429,"Suicidal"
33465,"Suicidal"
8402,"Anxiety"
29828,"Anxiety"
34763,"Normal"
9691,"Depression"
1299,"Normal"
18082,"Normal"
29885,"Suicidal"
10907,"Depression"
16810,"Suicidal"
11418,"Depression"
24623,"Suicidal"
16994,"Anxiety"
48752,"Normal"
45265,"Anxiety"
46541,"Normal"
11749,"Normal"
34865,"Normal"
18208,"Anxiety"
29837,"Suicidal"
17113,"Suicidal"
11804,"Depression"
43879,"Anxiety"
28339,"Suicidal"
26681,"Suicidal"
20616,"Anxiety"
43127,"Depression"
44955,"Depression"
9507,"Anxiety"
22950,"Depression"
20112,"Anxiety"
40454,"Depression"
8797,"Normal"
10447,"Anxiety"
40011,"Depression"
17163,"Depression"
18186,"Suicidal"
28639,"Normal"
16426,"Anxiety"
26365,"Normal"
10436,"Normal"
47137,"Anxiety"
46310,"Normal"
49109,"Depression"
21831,"Suicidal"
25178,"Depression"
46819,"Normal"
11109,"Suicidal"
26265,"Anxiety"
48634,"Anxiety"
25446,"Normal"
32372,"Anxiety"
3709,"Depression"
30848,"Depression"
6141,"Normal"
36429,"Normal"
26962,"Normal"
1414,"Anxiety"
15707,"Anxiety"
39894,"Anxiety"
22104,"Depression"
6407,"Anxiety"
6959,"Anxiety"
7937,"Normal"
27024,"Anxiety"
29205,"Anxiety"
15764,"Normal"
26398,"Anxiety"
9642,"Suicidal"
14697,"Anxiety"
28714,"Normal"
6824,"Depression"
44704,"Anxiety"
39729,"Normal"
21802,"Anxiety"
514,"Depression"
26189,"Normal"
27093,"Normal"
12412,"Anxiety"
6772,"Depression"
24610,"Suicidal"
6256,"Depression"
39835,"Depression"
21095,"Normal"
46617,"Normal"
39340,"Suicidal"
8889,"Normal"
726,"Depression"
37774,"Normal"
28852,"Suicidal"
28954,"Depression"
36779,"Depression"
43819,"Anxiety"
40681,"Anxiety"
28406,"Anxiety"
48511,"Depression"
22761,"Anxiety"
36956,"Normal"
13915,"Suicidal"
28765,"Suicidal"
12868,"Anxiety"
21427,"Depression"
32031,"Suicidal"
6876,"Depression"
27921,"Suicidal"
10616,"Normal"
33623,"Normal"
11246,"Depression"
39915,"Anxiety"
15284,"Anxiety"
997,"Normal"
22373,"Suicidal"
36277,"Anxiety"
5220,"Depression"
41093,"Normal"
44317,"Anxiety"
44223,"Depression"
566,"Anxiety"
3829,"Normal"
22543,"Suicidal"
22890,"Depression"
21707,"Anxiety"
49416,"Anxiety"
44051,"Suicidal"
48768,"Normal"
37785,"Depression"
36052,"Anxiety"
18470,"Anxiety"
40391,"Depression"
6317,"Anxiety"
23396,"Suicidal"
28191,"Suicidal"
21576,"Depression"
12752,"Suicidal"
17777,"Normal"
22566,"Depression"
20774,"Suicidal"
5862,"Depression"
16633,"Depression"
33826,"Depression"
43870,"Normal"
32527,"Depression"
28378,"Anxiety"
1539,"Depression"
39312,"Depression"
37938,"Depression"
31544,"Depression"
11148,"Anxiety"
25938,"Suicidal"
32217,"Depression"
12621,"Normal"
39058,"Anxiety"
28931,"Normal"
6778,"Depression"
16660,"Normal"
1824,"Normal"
14887,"Normal"
2763,"Normal"
14849,"Depression"
38346,"Suicidal"
43823,"Suicidal"
27891,"Anxiety"
33569,"Normal"
46489,"Suicidal"
41259,"Normal"
21165,"Normal"
38044,"Normal"
43865,"Normal"
40794,"Suicidal"
15916,"Depression"
7684,"Anxiety"
32152,"Depression"
18040,"Normal"
14748,"Anxiety"
41008,"Anxiety"
1928,"Depression"
317,"Anxiety"
6221,"Depression"
42398,"Depression"
28227,"Anxiety"
16027,"Depression"
47199,"Suicidal"
19018,"Normal"
12092,"Suicidal"
5089,"Suicidal"
48954,"Depression"
36002,"Anxiety"
22681,"Anxiety"
476,"Anxiety"
44712,"Anxiety"
28614,"Suicidal"
22118,"Depression"
34518,"Suicidal"
28702,"Depression"
10873,"Normal"
24459,"Suicidal"
22264,"Suicidal"
48408,"Anxiety"
37783,"Suicidal"
9192,"Anxiety"
31794,"Depression"
2396,"Normal"
25769,"Normal"
27305,"Normal"
27968,"Suicidal"
5861,"Anxiety"
29155,"Depression"
7508,"Normal"
26137,"Suicidal"
9799,"Depression"
7238,"Anxiety"
257,"Anxiety"
17256,"Normal"
41803,"Suicidal"
7951,"Depression"
46870,"Anxiety"
34323,"Depression"
22945,"Depression"
48567,"Anxiety"
38684,"Depression"
37099,"Depression"
25535,"Normal"
4963,"Normal"
4424,"Suicidal"
31386,"Depression"
10033,"Depression"
20732,"Normal"
42816,"Anxiety"
40582,"Depression"
29257,"Suicidal"
9727,"Depression"
9001,"Normal"
21665,"Suicidal"
48062,"Depression"
11802,"Normal"
27837,"Normal"
41523,"Depression"
37438,"Depression"
41460,"Normal"
28506,"Depression"
3028,"Suicidal"
2116,"Depression"
26246,"Depression"
17945,"Normal"
7008,"Anxiety"
35107,"Normal"
6563,"Anxiety"
17573,"Suicidal"
20185,"Normal"
38605,"Anxiety"
30513,"Normal"
36774,"Anxiety"
45512,"Suicidal"
39896,"Depression"
35644,"Anxiety"
36321,"Suicidal"
29160,"Suicidal"
40684,"Depression"
39321,"Suicidal"
45880,"Suicidal"
35385,"Suicidal"
21953,"Suicidal"
17447,"Normal"
27660,"Depression"
46481,"Normal"
30962,"Suicidal"
39711,"Depression"
48716,"Suicidal"
14212,"Normal"
21805,"Depression"
577,"Anxiety"
20310,"Depression"
27277,"Anxiety"
15638,"Depression"
41055,"Anxiety"
17975,"Depression"
5183,"Anxiety"
34789,"Depression"
38709,"Anxiety"
27994,"Depression"
35050,"Depression"
36830,"Normal"
17068,"Suicidal"
14290,"Anxiety"
42427,"Suicidal"
12274,"Anxiety"
319,"Anxiety"
5551,"Suicidal"
31070,"Suicidal"
48156,"Depression"
15821,"Depression"
32786,"Normal"
43475,"Depression"
21957,"Suicidal"
18077,"Depression"
39381,"Anxiety"
44763,"Suicidal"
13769,"Depression"
6897,"Suicidal"
41809,"Normal"
40442,"Depression"
34746,"Depression"
5053,"Normal"
35609,"Normal"
39300,"Normal"
12641,"Suicidal"
40004,"Depression"
42778,"Suicidal"
9800,"Suicidal"
17847,"Anxiety"
1535,"Depression"
3156,"Anxiety"
47868,"Suicidal"
127,"Normal"
3364,"Depression"
40835,"Suicidal"
175,"Normal"
27535,"Anxiety"
15114,"Suicidal"
11044,"Suicidal"
14189,"Anxiety"
40314,"Anxiety"
15530,"Anxiety"
28369,"Suicidal"
36888,"Normal"
23644,"Depression"
10344,"Anxiety"
12131,"Anxiety"
27684,"Normal"
41557,"Suicidal"
21966,"Normal"
23990,"Depression"
20046,"Normal"
40992,"Normal"
32148,"Normal"
34288,"Anxiety"
23287,"Suicidal"
39790,"Normal"
29164,"Anxiety"
33116,"Normal"
41103,"Anxiety"
21273,"Anxiety"
8669,"Depression"
44646,"Depression"
46670,"Normal"
28967,"Depression"
16762,"Normal"
6941,"Anxiety"
33408,"Suicidal"
33381,"Suicidal"
40038,"Suicidal"
43197,"Suicidal"
45118,"Normal"
23592,"Normal"
45037,"Suicidal"
21357,"Suicidal"
4177,"Anxiety"
45074,"Depression"
27842,"Suicidal"
39950,"Depression"
46207,"Normal"
20209,"Anxiety"
21579,"Anxiety"
29223,"Anxiety"
6760,"Depression"
39684,"Depression"
22563,"Depression"
28898,"Anxiety"
150,"Normal"
44338,"Suicidal"
33853,"Suicidal"
41569,"Anxiety"
34656,"Depression"
20604,"Anxiety"
30795,"Anxiety"
47506,"Depression"
2890,"Suicidal"
15290,"Anxiety"
40366,"Suicidal"
39419,"Depression"
7374,"Suicidal"
3539,"Suicidal"
46825,"Normal"
39808,"Suicidal"
24274,"Anxiety"
40978,"Depression"
46437,"Anxiety"
47794,"Normal"
6124,"Depression"
33927,"Normal"
7406,"Depression"
44167,"Normal"
32198,"Anxiety"
29525,"Suicidal"
17020,"Suicidal"
7742,"Anxiety"
23383,"Anxiety"
32176,"Normal"
11590,"Depression"
37072,"Normal"
25346,"Suicidal"
49310,"Normal"
29093,"Anxiety"
30706,"Anxiety"
36285,"Anxiety"
34262,"Suicidal"
17737,"Normal"
44000,"Suicidal"
48987,"Anxiety"
37788,"Anxiety"
43660,"Normal"
46119,"Anxiety"
7770,"Normal"
31883,"Depression"
6720,"Anxiety"
1285,"Suicidal"
47499,"Anxiety"
36641,"Normal"
20119,"Suicidal"
7413,"Depression"
15963,"Depression"
6669,"Suicidal"
5968,"Normal"
10421,"Anxiety"
31354,"Suicidal"
44608,"Depression"
14285,"Depression"
6031,"Normal"
43322,"Normal"
19600,"Depression"
27897,"Suicidal"
196,"Suicidal"
18142,"Suicidal"
3290,"Normal"
19303,"Suicidal"
46843,"Suicidal"
28101,"Suicidal"
41313,"Depression"
17995,"Normal"
38888,"Suicidal"
12460,"Normal"
42652,"Depression"
8397,"Suicidal"
22740,"Normal"
23646,"Depression"
25565,"Normal"
44841,"Depression"
31815,"Anxiety"
35926,"Depression"
48202,"Suicidal"
25805,"Depression"
4718,"Depression"
6696,"Anxiety"
25480,"Depression"
10670,"Depression"
21869,"Suicidal"
40752,"Anxiety"
19078,"Anxiety"
34912,"Suicidal"
1076,"Depression"
41436,"Depression"
19222,"Suicidal"
15725,"Normal"
10789,"Anxiety"
44059,"Normal"
39059,"Anxiety"
4318,"Depression"
48990,"Anxiety"
3849,"Normal"
9145,"Suicidal"
20992,"Suicidal"
5427,"Depression"
45102,"Depression"
6741,"Normal"
1202,"Suicidal"
9397,"Anxiety"
40341,"Normal"
28564,"Normal"
27099,"Normal"
45961,"Depression"
29454,"Depression"
15594,"Suicidal"
11916,"Normal"
39620,"Normal"
28123,"Normal"
22249,"Suicidal"
10320,"Anxiety"
45095,"Anxiety"
21710,"Normal"
13793,"Suicidal"
9013,"Depression"
22494,"Anxiety"
14965,"Normal"
49492,"Suicidal"
1845,"Anxiety"
29229,"Anxiety"
11495,"Depression"
39634,"Suicidal"
8802,"Anxiety"
31656,"Depression"
39788,"Anxiety"
25955,"Anxiety"
19263,"Anxiety"
12698,"Normal"
44548,"Suicidal"
12076,"Normal"
40901,"Normal"
38999,"Depression"
27967,"Suicidal"
25752,"Anxiety"
3267,"Depression"
19137,"Anxiety"
39470,"Normal"
7678,"Anxiety"
40741,"Anxiety"
6919,"Depression"
9245,"Suicidal"
373,"Normal"
29758,"Anxiety"
25416,"Normal"
39909,"Suicidal"
21963,"Suicidal"
25291,"Depression"
49532,"Suicidal"
48935,"Depression"
23835,"Depression"
23655,"Suicidal"
19557,"Anxiety"
42488,"Normal"
10236,"Suicidal"
29176,"Normal"
39437,"Suicidal"
11162,"Normal"
26764,"Normal"
3011,"Depression"
32245,"Anxiety"
39738,"Depression"
12070,"Depression"
48404,"Suicidal"
36548,"Anxiety"
39933,"Normal"
4537,"Depression"
29346,"Anxiety"
42069,"Depression"
14319,"Depression"
46191,"Suicidal"
487,"Normal"
48879,"Anxiety"
45587,"Anxiety"
48644,"Normal"
45708,"Suicidal"
40651,"Anxiety"
10321,"Normal"
35059,"Depression"
41335,"Suicidal"
10107,"Normal"
22017,"Normal"
31012,"Normal"
43478,"Normal"
13385,"Suicidal"
39811,"Anxiety"
4069,"Normal"
29245,"Normal"
34337,"Suicidal"
28527,"Suicidal"
31238,"Normal"
33272,"Depression"
20595,"Suicidal"
25933,"Normal"
46335,"Normal"
9215,"Normal"
28822,"Normal"
47525,"Normal"
37669,"Anxiety"
33123,"Suicidal"
25798,"Suicidal"
48905,"Suicidal"
12951,"Normal"
43095,"Normal"
10156,"Suicidal"
20633,"Suicidal"
13876,"Depression"
14387,"Suicidal"
45686,"Anxiety"
18381,"Depression"
1706,"Normal"
39423,"Depression"
22560,"Suicidal"
46505,"Depression"
40853,"Anxiety"
41748,"Depression"
11272,"Normal"
6852,"Depression"
26018,"Normal"
45090,"Normal"
48999,"Suicidal"
13372,"Anxiety"
28566,"Anxiety"
48717,"Anxiety"
32142,"Anxiety"
18628,"Depression"
38755,"Suicidal"
24959,"Depression"
40552,"Depression"
35702,"Anxiety"
25916,"Suicidal"
10869,"Anxiety"
48706,"Anxiety"
44742,"Anxiety"
7834,"Anxiety"
18811,"Normal"
39676,"Anxiety"
48178,"Anxiety"
18679,"Suicidal"
33989,"Normal"
29512,"Anxiety"
10932,"Anxiety"
44525,"Suicidal"
9542,"Depression"
33821,"Normal"
32644,"Depression"
3300,"Depression"
40652,"Anxiety"
21220,"Normal"
39756,"Suicidal"
20955,"Normal"
23351,"Normal"
38794,"Normal"
19408,"Suicidal"
12528,"Suicidal"
20642,"Suicidal"
47125,"Anxiety"
18564,"Anxiety"
26863,"Suicidal"
34036,"Depression"
24849,"Normal"
11900,"Anxiety"
38752,"Normal"
19214,"Normal"
25065,"Normal"
49076,"Depression"
38754,"Depression"
8893,"Suicidal"
14785,"Anxiety"
10296,"Depression"
15084,"Anxiety"
29487,"Depression"
20491,"Suicidal"
18,"Anxiety"
41994,"Normal"
34982,"Depression"
44411,"Suicidal"
35139,"Suicidal"
28739,"Anxiety"
30766,"Normal"
36086,"Anxiety"
5133,"Anxiety"
46468,"Normal"
10424,"Normal"
48554,"Depression"
8796,"Anxiety"
8249,"Depression"
8254,"Suicidal"
18048,"Normal"
30941,"Anxiety"
19112,"Anxiety"
49444,"Depression"
24367,"Suicidal"
848,"Anxiety"
23480,"Suicidal"
49436,"Normal"
15951,"Depression"
360,"Normal"
28498,"Suicidal"
14124,"Anxiety"
1744,"Normal"
41153,"Suicidal"
7657,"Suicidal"
43080,"Anxiety"
12465,"Normal"
5407,"Suicidal"
33511,"Anxiety"
15153,"Anxiety"
18889,"Normal"
755,"Depression"
39671,"Anxiety"
18820,"Suicidal"
6779,"Suicidal"
28846,"Depression"
20094,"Depression"
414,"Suicidal"
13336,"Normal"
34717,"Suicidal"
11985,"Anxiety"
195,"Suicidal"
13454,"Suicidal"
38806,"Anxiety"
8316,"Depression"
32248,"Anxiety"
38889,"Depression"
28266,"Depression"
11975,"Suicidal"
38666,"Depression"
22946,"Suicidal"
35744,"Suicidal"
41857,"Normal"
28993,"Depression"
46742,"Depression"
39384,"Anxiety"
14891,"Suicidal"
2521,"Anxiety"
40744,"Suicidal"
28744,"Suicidal"
22549,"Depression"
12955,"Depression"
48205,"Normal"
28520,"Normal"
304,"Anxiety"
8865,"Suicidal"
44446,"Suicidal"
418,"Normal"
42866,"Anxiety"
40526,"Depression"
697,"Depression"
8038,"Suicidal"
49606,"Normal"
17822,"Suicidal"
21774,"Depression"
11552,"Depression"
39080,"Normal"
40014,"Suicidal"
47617,"Anxiety"
40367,"Suicidal"
15885,"Suicidal"
2559,"Depression"
43688,"Depression"
32665,"Anxiety"
46632,"Suicidal"
42366,"Anxiety"
4232,"Normal"
28051,"Normal"
39724,"Suicidal"
9560,"Depression"
47653,"Normal"
40881,"Suicidal"
35512,"Depression"
79,"Depression"
24251,"Suicidal"
48558,"Anxiety"
15415,"Suicidal"
43305,"Anxiety"
14756,"Depression"
40159,"Normal"
140,"Suicidal"
4838,"Normal"
13338,"Normal"
17327,"Suicidal"
38803,"Normal"
43940,"Anxiety"
47872,"Depression"
39262,"Anxiety"
17948,"Suicidal"
39367,"Depression"
28872,"Normal"
49437,"Depression"
23625,"Depression"
37966,"Suicidal"
11182,"Anxiety"
14054,"Depression"
28099,"Anxiety"
23379,"Anxiety"
22811,"Normal"
44623,"Suicidal"
32249,"Depression"
35067,"Normal"
48505,"Anxiety"
16401,"Normal"
24528,"Suicidal"
31855,"Anxiety"
28063,"Anxiety"
36550,"Depression"
16298,"Normal"
9639,"Anxiety"
44100,"Depression"
15660,"Suicidal"
47368,"Depression"
12549,"Anxiety"
18887,"Anxiety"
636,"Depression"
442,"Suicidal"
44273,"Suicidal"
39349,"Normal"
327,"Normal"
30343,"Suicidal"
16764,"Depression"
16680,"Depression"
18578,"Depression"
28628,"Depression"
31229,"Normal"
22411,"Anxiety"
46346,"Normal"
20336,"Normal"
30702,"Suicidal"
45819,"Suicidal"
43558,"Anxiety"
25321,"Normal"
19348,"Suicidal"
225,"Suicidal"
5479,"Anxiety"
29704,"Depression"
24431,"Depression"
30809,"Depression"
27784,"Normal"
5819,"Depression"
7700,"Anxiety"
39858,"Normal"
48066,"Depression"
34776,"Anxiety"
26295,"Normal"
943,"Depression"
36273,"Normal"
9666,"Anxiety"
4752,"Depression"
31830,"Anxiety"
3684,"Depression"
49313,"Anxiety"
46279,"Suicidal"
15417,"Suicidal"
36353,"Suicidal"
27854,"Depression"
29708,"Depression"
49071,"Anxiety"
22290,"Suicidal"
8011,"Normal"
44676,"Depression"
13058,"Suicidal"
20260,"Normal"
13180,"Suicidal"
34884,"Suicidal"
10938,"Suicidal"
8392,"Normal"
49542,"Suicidal"
44426,"Depression"
47081,"Normal"
47119,"Depression"
28723,"Anxiety"
10248,"Anxiety"
28000,"Anxiety"
2696,"Normal"
2111,"Anxiety"
3532,"Suicidal"
19022,"Anxiety"
27852,"Suicidal"
6199,"Suicidal"
20044,"Suicidal"
37834,"Depression"
22013,"Anxiety"
27930,"Normal"
41609,"Depression"
338,"Anxiety"
31214,"Normal"
23976,"Anxiety"
21167,"Anxiety"
48261,"Suicidal"
28171,"Normal"
15851,"Anxiety"
20276,"Normal"
6864,"Suicidal"
44147,"Depression"
29489,"Suicidal"
35399,"Anxiety"
2803,"Depression"
35537,"Normal"
22877,"Suicidal"
29145,"Normal"
39224,"Normal"
40986,"Anxiety"
19070,"Anxiety"
28794,"Anxiety"
28008,"Suicidal"
32529,"Anxiety"
2858,"Suicidal"
18580,"Suicidal"
30442,"Normal"
3479,"Depression"
26799,"Suicidal"
7664,"Depression"
5623,"Depression"
26496,"Depression"
26332,"Suicidal"
29248,"Depression"
2841,"Suicidal"
45578,"Depression"
21496,"Suicidal"
29241,"Anxiety"
14801,"Normal"
44936,"Depression"
29316,"Normal"
40251,"Suicidal"
39449,"Depression"
39245,"Anxiety"
40235,"Suicidal"
42833,"Normal"
42600,"Anxiety"
12653,"Depression"
46262,"Depression"
18227,"Anxiety"
42140,"Suicidal"
49013,"Normal"
44541,"Suicidal"
18057,"Anxiety"
39749,"Normal"
38542,"Normal"
12204,"Normal"
26866,"Suicidal"
9121,"Depression"
20990,"Anxiety"
48047,"Depression"
33561,"Anxiety"
29089,"Normal"
48023,"Depression"
29634,"Suicidal"
47639,"Suicidal"
41764,"Depression"
860,"Normal"
37017,"Normal"
45597,"Normal"
21692,"Normal"
38365,"Normal"
16301,"Suicidal"
6912,"Depression"
27876,"Anxiety"
667,"Depression"
23443,"Anxiety"
36924,"Depression"
31295,"Anxiety"
10173,"Depression"
14180,"Depression"
43575,"Anxiety"
5128,"Anxiety"
47437,"Suicidal"
38498,"Anxiety"
33463,"Normal"
23601,"Suicidal"
31854,"Suicidal"
32233,"Normal"
39891,"Anxiety"
4102,"Depression"
43577,"Suicidal"
39782,"Anxiety"
46624,"Normal"
47263,"Normal"
17538,"Suicidal"
16979,"Depression"
41182,"Normal"
40539,"Normal"
48773,"Anxiety"
30083,"Depression"
31159,"Depression"
16244,"Suicidal"
19786,"Normal"
10196,"Depression"
23886,"Depression"
32062,"Suicidal"
45727,"Suicidal"
46385,"Suicidal"
3671,"Depression"
37772,"Normal"
5916,"Suicidal"
25997,"Suicidal"
455,"Depression"
21472,"Normal"
29880,"Suicidal"
48964,"Suicidal"
39650,"Normal"
6670,"Depression"
10338,"Anxiety"
33128,"Anxiety"
2264,"Depression"
48411,"Suicidal"
8916,"Suicidal"
13628,"Depression"
34246,"Suicidal"
40431,"Depression"
4,"Anxiety"
12891,"Normal"
28753,"Normal"
39976,"Anxiety"
38232,"Anxiety"
14702,"Anxiety"
35,"Anxiety"
45635,"Normal"
18311,"Suicidal"
11787,"Depression"
33629,"Normal"
7288,"Depression"
26188,"Normal"
37387,"Depression"
20427,"Anxiety"
16414,"Suicidal"
43628,"Anxiety"
46758,"Suicidal"
34335,"Anxiety"
10289,"Normal"
31492,"Anxiety"
7014,"Anxiety"
8609,"Normal"
47551,"Normal"
36027,"Anxiety"
30762,"Anxiety"
62,"Suicidal"
38423,"Suicidal"
43680,"Anxiety"
22829,"Normal"
41916,"Depression"
10408,"Depression"
39189,"Depression"
8716,"Suicidal"
37864,"Anxiety"
19952,"Anxiety"
28172,"Anxiety"
49065,"Anxiety"
39763,"Depression"
38796,"Suicidal"
12571,"Normal"
11105,"Anxiety"
39409,"Normal"
34149,"Anxiety"
8297,"Normal"
18785,"Suicidal"
41947,"Depression"
26975,"Normal"
45180,"Depression"
38707,"Normal"
42947,"Anxiety"
125,"Suicidal"
42872,"Normal"
138,"Anxiety"
22400,"Depression"
15900,"Suicidal"
22239,"Normal"
656,"Suicidal"
45432,"Depression"
3814,"Depression"
540,"Depression"
19658,"Normal"
28964,"Anxiety"
28603,"Normal"
28577,"Normal"
41763,"Depression"
33673,"Suicidal"
5003,"Normal"
4680,"Depression"
4825,"Anxiety"
47122,"Anxiety"
10837,"Anxiety"
17617,"Anxiety"
28578,"Anxiety"
6753,"Normal"
35376,"Anxiety"
37892,"Normal"
6866,"Suicidal"
2690,"Suicidal"
10495,"Depression"
7850,"Suicidal"
5753,"Depression"
41059,"Suicidal"
22141,"Normal"
39595,"Normal"
18111,"Anxiety"
40627,"Anxiety"
47241,"Suicidal"
14779,"Depression"
20089,"Normal"
17419,"Depression"
41162,"Normal"
15125,"Suicidal"
35194,"Normal"
21596,"Depression"
17005,"Normal"
30501,"Normal"
47679,"Depression"
44177,"Normal"
7200,"Suicidal"
34118,"Depression"
13235,"Normal"
16892,"Anxiety"
2318,"Anxiety"
37520,"Anxiety"
46712,"Suicidal"
10441,"Anxiety"
45374,"Anxiety"
1350,"Anxiety"
48530,"Depression"
135,"Suicidal"
27957,"Depression"
12224,"Depression"
39942,"Anxiety"
35758,"Suicidal"
13286,"Suicidal"
28340,"Suicidal"
6485,"Depression"
36032,"Depression"
9092,"Depression"
25280,"Anxiety"
2575,"Normal"
28897,"Suicidal"
49262,"Anxiety"
7629,"Depression"
21573,"Depression"
18069,"Suicidal"
39227,"Depression"
18141,"Normal"
37435,"Suicidal"
45151,"Suicidal"
43027,"Depression"
31603,"Anxiety"
9116,"Depression"
19008,"Normal"
9301,"Depression"
12121,"Depression"
26890,"Anxiety"
47814,"Normal"
45465,"Anxiety"
42105,"Suicidal"
1210,"Suicidal"
1608,"Anxiety"
12240,"Suicidal"
39498,"Suicidal"
17170,"Depression"
32905,"Normal"
31720,"Normal"
26385,"Anxiety"
42844,"Suicidal"
25167,"Anxiety"
32450,"Normal"
35811,"Suicidal"
43161,"Anxiety"
40081,"Anxiety"
43106,"Normal"
30212,"Suicidal"
16090,"Depression"
47583,"Anxiety"
42108,"Depression"
2124,"Normal"
28634,"Anxiety"
13231,"Anxiety"
6992,"Suicidal"
12466,"Anxiety"
116,"Normal"
602,"Depression"
24928,"Suicidal"
28857,"Normal"
27097,"Anxiety"
5732,"Anxiety"
14622,"Normal"
29025,"Depression"
9225,"Suicidal"
9164,"Suicidal"
41544,"Anxiety"
15414,"Anxiety"
21103,"Normal"
17069,"Anxiety"
24734,"Suicidal"
9824,"Suicidal"
5727,"Anxiety"
45764,"Normal"
39963,"Anxiety"
11854,"Depression"
34765,"Normal"
233,"Depression"
37684,"Normal"
38261,"Anxiety"
9579,"Normal"
28133,"Depression"
10612,"Normal"
21984,"Suicidal"
32174,"Anxiety"
30270,"Depression"
31697,"Depression"
24423,"Anxiety"
36812,"Depression"
49279,"Normal"
13300,"Normal"
17378,"Normal"
24449,"Anxiety"
44985,"Depression"
25966,"Normal"
42568,"Anxiety"
775,"Anxiety"
2267,"Anxiety"
19249,"Normal"
38782,"Normal"
36281,"Anxiety"
22203,"Suicidal"
48896,"Suicidal"
32531,"Anxiety"
16763,"Normal"
21537,"Suicidal"
42401,"Normal"
9051,"Anxiety"
42859,"Suicidal"
47731,"Suicidal"
31756,"Depression"
7845,"Anxiety"
43109,"Anxiety"
12056,"Normal"
18183,"Depression"
46913,"Anxiety"
33563,"Depression"
537,"Suicidal"
7558,"Normal"
47382,"Anxiety"
13490,"Suicidal"
20846,"Normal"
542,"Anxiety"
25660,"Normal"
46305,"Normal"
4804,"Anxiety"
47732,"Normal"
39007,"Suicidal"
14297,"Normal"
36051,"Anxiety"
34684,"Anxiety"
24177,"Normal"
35362,"Anxiety"
46811,"Suicidal"
34663,"Suicidal"
28102,"Depression"
214,"Depression"
48080,"Suicidal"
29423,"Normal"
40096,"Suicidal"
8918,"Depression"
45216,"Depression"
8094,"Depression"
3846,"Anxiety"
7499,"Anxiety"
6694,"Anxiety"
45700,"Depression"
10016,"Anxiety"
46118,"Depression"
14681,"Depression"
38191,"Suicidal"
17143,"Suicidal"
24172,"Suicidal"
33152,"Anxiety"
17558,"Depression"
17915,"Suicidal"
42969,"Suicidal"
28845,"Normal"
44688,"Suicidal"
14194,"Anxiety"
9494,"Depression"
12623,"Suicidal"
41080,"Normal"
12737,"Normal"
45867,"Depression"
34028,"Anxiety"
8906,"Depression"
28007,"Anxiety"
13107,"Anxiety"
38328,"Depression"
9259,"Normal"
19909,"Normal"
30921,"Suicidal"
47619,"Suicidal"
30571,"Anxiety"
26994,"Suicidal"
41223,"Suicidal"
31134,"Normal"
25534,"Anxiety"
34661,"Depression"
28032,"Suicidal"
24326,"Suicidal"
44161,"Normal"
12716,"Suicidal"
21097,"Anxiety"
43239,"Depression"
4616,"Depression"
27878,"Suicidal"
19913,"Normal"
28283,"Suicidal"
39524,"Depression"
31237,"Anxiety"
3726,"Normal"
13075,"Depression"
10621,"Anxiety"
27233,"Normal"
33190,"Normal"
34325,"Normal"
16197,"Suicidal"
31090,"Suicidal"
3647,"Anxiety"
28832,"Depression"
42063,"Anxiety"
18125,"Anxiety"
15298,"Depression"
45254,"Depression"
39534,"Suicidal"
25586,"Normal"
33660,"Normal"
40358,"Suicidal"
13563,"Normal"
48382,"Anxiety"
16975,"Depression"
25562,"Anxiety"
39837,"Depression"
31999,"Suicidal"
42111,"Anxiety"
29270,"Anxiety"
8147,"Normal"
27437,"Suicidal"
9059,"Normal"
3761,"Suicidal"
9840,"Anxiety"
1365,"Anxiety"
34113,"Depression"
20832,"Depression"
9588,"Normal"
42109,"Suicidal"
46863,"Normal"
2097,"Suicidal"
30090,"Anxiety"
46771,"Anxiety"
12354,"Anxiety"
41189,"Suicidal"
47885,"Anxiety"
46114,"Normal"
27838,"Normal"
43260,"Anxiety"
14829,"Suicidal"
48355,"Normal"
16779,"Depression"
22189,"Anxiety"
15883,"Normal"
30695,"Depression"
24497,"Normal"
