id,status
37716,Normal
17470,Suicidal
7630,Depression
9138,Suicidal
11713,Suicidal
23776,Normal
48484,Depression
706,Anxiety
7092,Depression
28385,Anxiety
24464,Normal
28093,Anxiety
32845,Depression
46718,Depression
13651,Depression
32079,Depression
43990,Anxiety
18565,Normal
30403,Suicidal
28057,Anxiety
30026,Normal
11533,Normal
35911,Normal
4892,Normal
28067,Normal
29173,Anxiety
46079,Depression
17802,Depression
41756,Anxiety
47799,Anxiety
26283,Normal
12940,Suicidal
28996,Normal
41735,Normal
34025,Depression
33211,Normal
13605,Normal
32104,Depression
6392,Normal
26881,Normal
17398,Suicidal
328,Anxiety
28034,Anxiety
10283,Suicidal
29931,Normal
9389,Depression
15432,Suicidal
39717,Normal
48921,Normal
40508,Suicidal
31879,Depression
48344,Suicidal
49201,Anxiety
27333,Normal
45822,Normal
46815,Anxiety
49135,Anxiety
25753,Normal
23272,Normal
44263,Depression
18170,Depression
4714,Normal
45921,Depression
28772,Anxiety
11474,Suicidal
41298,Depression
13221,Depression
5492,Normal
9387,Suicidal
1366,Normal
43908,Suicidal
17114,Depression
8224,Suicidal
19538,Suicidal
14102,Suicidal
35845,Normal
47423,Anxiety
47488,Normal
18428,Anxiety
37015,Normal
8708,Suicidal
28983,Anxiety
14921,Depression
22716,Depression
12467,Depression
335,Anxiety
46441,Anxiety
47351,Anxiety
43234,Anxiety
20672,Suicidal
43838,Suicidal
43281,Normal
21756,Normal
38451,Depression
235,Anxiety
35137,Normal
4096,Normal
35124,Normal
41419,Anxiety
46699,Suicidal
48837,Suicidal
18394,Suicidal
23486,Normal
35635,Normal
41490,Suicidal
11510,Depression
39465,Anxiety
47956,Depression
39810,Anxiety
29529,Depression
9107,Suicidal
26156,Normal
43661,Depression
5563,Normal
26758,Normal
41107,Anxiety
27717,Normal
22074,Suicidal
22060,Suicidal
35123,Normal
41430,Suicidal
11828,Suicidal
2128,Normal
2143,Normal
27174,Normal
41605,Depression
39956,Anxiety
44299,Suicidal
39774,Anxiety
35889,Normal
7588,Depression
40995,Suicidal
32440,Anxiety
29325,Normal
29457,Normal
228,Anxiety
29755,Normal
44362,Anxiety
37227,Normal
25614,Normal
9914,Normal
43810,Depression
44109,Suicidal
39972,Anxiety
19665,Normal
24556,Normal
22845,Depression
38155,Normal
15659,Suicidal
21524,Suicidal
17422,Suicidal
17791,Depression
18093,Depression
18899,Suicidal
45080,Depression
48816,Anxiety
45023,Depression
42049,Depression
37827,Normal
9456,Suicidal
19598,Suicidal
25156,Normal
28990,Anxiety
46093,Anxiety
37775,Normal
26165,Normal
29551,Normal
14982,Depression
11841,Suicidal
35274,Normal
41796,Normal
26009,Normal
41060,Depression
11526,Suicidal
40859,Suicidal
37530,Depression
35793,Normal
29643,Suicidal
41091,Normal
16425,Suicidal
12818,Depression
44713,Anxiety
27552,Normal
19160,Suicidal
7129,Suicidal
34390,Normal
23843,Normal
28052,Anxiety
7856,Depression
39406,Anxiety
34857,Normal
29130,Anxiety
13293,Suicidal
16158,Depression
13636,Suicidal
30976,Normal
36544,Normal
34076,Depression
15233,Suicidal
21868,Suicidal
27129,Normal
19993,Depression
8982,Suicidal
2833,Normal
46630,Suicidal
20567,Depression
27943,Anxiety
36609,Normal
45889,Anxiety
26545,Normal
4122,Normal
21177,Depression
15554,Depression
24032,Normal
15818,Depression
39832,Anxiety
44967,Normal
23840,Normal
39257,Anxiety
12115,Suicidal
19873,Depression
25777,Normal
32161,Depression
41894,Normal
1987,Normal
28459,Anxiety
18909,Suicidal
28484,Anxiety
18029,Normal
24458,Normal
39612,Anxiety
40598,Depression
7410,Suicidal
6833,Normal
8596,Suicidal
41034,Normal
36742,Normal
45396,Depression
10665,Depression
44416,Depression
34035,Depression
49239,Anxiety
14563,Depression
26455,Normal
34963,Normal
17618,Suicidal
28023,Anxiety
29188,Anxiety
36902,Normal
2095,Normal
13009,Suicidal
46308,Anxiety
2808,Normal
42027,Normal
22155,Depression
27827,Anxiety
25154,Normal
21996,Suicidal
1843,Normal
37585,Normal
38954,Depression
17535,Suicidal
44139,Anxiety
3723,Normal
36201,Normal
35207,Normal
29005,Anxiety
47272,Depression
13781,Depression
21000,Normal
46656,Depression
3804,Normal
5275,Normal
14645,Depression
40732,Depression
14652,Suicidal
28487,Anxiety
11793,Suicidal
47061,Suicidal
15769,Suicidal
10880,Suicidal
38731,Depression
41621,Anxiety
3586,Normal
46323,Anxiety
39518,Depression
39807,Anxiety
6483,Normal
21801,Depression
27720,Normal
852,Normal
46446,Suicidal
17309,Depression
13546,Suicidal
20245,Normal
13627,Suicidal
9557,Depression
38333,Normal
7698,Depression
29102,Normal
46816,Suicidal
32575,Depression
12400,Normal
30466,Normal
3632,Normal
43919,Normal
34761,Normal
36710,Normal
42001,Depression
44630,Normal
13814,Depression
13569,Depression
17248,Suicidal
134,Anxiety
13212,Depression
1732,Normal
38758,Depression
39968,Anxiety
42696,Depression
45032,Depression
43221,Anxiety
10723,Depression
25583,Normal
45466,Depression
41844,Depression
44902,Depression
13041,Depression
42845,Suicidal
11445,Suicidal
45356,Depression
16569,Suicidal
13747,Depression
19050,Depression
17180,Depression
30606,Normal
11889,Suicidal
19587,Normal
46583,Anxiety
13585,Depression
44886,Anxiety
13920,Suicidal
20161,Suicidal
44846,Suicidal
48981,Anxiety
25456,Normal
608,Anxiety
16172,Depression
17887,Suicidal
3296,Normal
37483,Normal
44425,Suicidal
15728,Suicidal
40450,Depression
40171,Depression
49062,Anxiety
49388,Anxiety
3075,Normal
37579,Normal
34196,Depression
34714,Normal
38384,Depression
16811,Normal
19455,Suicidal
28336,Normal
28619,Anxiety
42749,Depression
568,Anxiety
19092,Suicidal
42894,Depression
7231,Depression
35193,Normal
348,Anxiety
27786,Normal
38829,Normal
40208,Suicidal
47552,Depression
31600,Depression
4512,Normal
24490,Normal
42348,Depression
25850,Normal
47203,Suicidal
33283,Anxiety
40813,Depression
28253,Anxiety
49199,Anxiety
18937,Depression
1325,Normal
44717,Normal
33739,Depression
28804,Anxiety
28214,Anxiety
26582,Normal
29076,Anxiety
13773,Suicidal
46709,Normal
49351,Anxiety
11694,Suicidal
38249,Suicidal
375,Anxiety
67,Normal
34760,Normal
41405,Suicidal
39234,Normal
47783,Normal
47505,Anxiety
3372,Normal
39375,Depression
38836,Depression
15468,Depression
16308,Suicidal
43832,Suicidal
30568,Normal
44504,Depression
48379,Anxiety
32898,Depression
34494,Normal
17036,Normal
28467,Anxiety
39199,Anxiety
3199,Normal
1504,Normal
38260,Depression
33699,Depression
5726,Normal
41444,Depression
25014,Normal
20823,Suicidal
44368,Suicidal
3738,Normal
24162,Normal
5159,Normal
6249,Normal
44220,Anxiety
6691,Normal
40571,Suicidal
47060,Normal
29374,Normal
46249,Normal
35091,Normal
28839,Anxiety
9804,Suicidal
48129,Anxiety
42440,Anxiety
47017,Normal
38735,Depression
44519,Suicidal
9254,Depression
39109,Anxiety
27103,Normal
16402,Suicidal
20047,Suicidal
25161,Normal
44107,Normal
39413,Depression
16074,Depression
9113,Depression
99,Anxiety
30773,Normal
9733,Normal
18798,Normal
7795,Suicidal
48865,Depression
49561,Depression
29925,Normal
30998,Normal
19552,Suicidal
28567,Anxiety
39136,Anxiety
9660,Depression
25727,Normal
31097,Depression
31920,Anxiety
17295,Depression
29218,Anxiety
5418,Normal
40717,Suicidal
31962,Normal
5798,Normal
32368,Depression
45894,Depression
17193,Normal
43904,Suicidal
31480,Depression
43944,Anxiety
36380,Normal
9463,Suicidal
17222,Suicidal
6611,Normal
46134,Anxiety
42796,Anxiety
18480,Suicidal
17319,Suicidal
9513,Depression
49337,Depression
36382,Normal
34501,Normal
31755,Normal
28210,Anxiety
4633,Normal
42289,Suicidal
19010,Suicidal
24081,Normal
27873,Anxiety
19025,Suicidal
7811,Normal
39382,Depression
15656,Anxiety
473,Anxiety
12880,Suicidal
15693,Depression
2791,Normal
40993,Depression
35208,Normal
26566,Normal
41287,Depression
48454,Anxiety
14080,Depression
8875,Depression
37357,Normal
369,Normal
44207,Suicidal
22865,Normal
15460,Suicidal
2271,Normal
38772,Depression
47866,Anxiety
30996,Suicidal
17873,Depression
4259,Normal
43673,Normal
21633,Depression
28635,Anxiety
32541,Normal
11824,Depression
26395,Normal
13090,Depression
22387,Suicidal
37518,Normal
7036,Depression
1374,Suicidal
8954,Suicidal
13545,Suicidal
11104,Suicidal
31473,Depression
46217,Depression
26982,Normal
29886,Depression
968,Normal
45573,Anxiety
543,Anxiety
30266,Normal
21403,Suicidal
16741,Suicidal
41630,Anxiety
24999,Normal
20008,Suicidal
38340,Depression
17355,Suicidal
46265,Normal
6053,Normal
31932,Depression
1516,Normal
29849,Suicidal
37,Normal
12819,Depression
211,Anxiety
11206,Depression
11569,Depression
44224,Depression
2119,Normal
36148,Normal
20755,Suicidal
46354,Depression
47875,Anxiety
44831,Depression
8422,Depression
4509,Normal
29464,Normal
590,Anxiety
14917,Depression
19194,Suicidal
26416,Normal
41215,Anxiety
12363,Normal
29918,Normal
29541,Normal
28952,Anxiety
44814,Anxiety
4928,Normal
21457,Depression
18730,Suicidal
20399,Depression
45191,Suicidal
12754,Suicidal
2423,Normal
40994,Depression
25946,Normal
42280,Anxiety
39503,Depression
7672,Suicidal
25459,Normal
37523,Normal
26227,Normal
5621,Normal
27482,Normal
3765,Normal
14035,Suicidal
8416,Suicidal
22342,Depression
32400,Depression
30505,Normal
700,Anxiety
44514,Normal
45910,Anxiety
15043,Suicidal
404,Normal
47387,Suicidal
34844,Normal
5797,Normal
39905,Suicidal
39241,Anxiety
12601,Suicidal
43609,Depression
46113,Depression
7749,Normal
28332,Anxiety
16939,Depression
14480,Suicidal
44136,Anxiety
41346,Normal
23420,Normal
48727,Depression
34489,Normal
1949,Normal
18541,Suicidal
45019,Normal
290,Anxiety
32473,Anxiety
34209,Depression
48968,Anxiety
28351,Anxiety
44467,Suicidal
33397,Depression
41816,Depression
15581,Suicidal
42318,Suicidal
5440,Normal
13935,Suicidal
38376,Depression
32701,Depression
1964,Normal
39387,Anxiety
28792,Anxiety
14065,Suicidal
25615,Normal
24271,Normal
16209,Depression
4085,Normal
34422,Normal
5453,Normal
46008,Suicidal
32025,Depression
23301,Depression
45847,Normal
38860,Suicidal
40912,Anxiety
45985,Suicidal
47479,Anxiety
7073,Suicidal
49285,Depression
48855,Depression
45476,Depression
26678,Normal
28715,Anxiety
35972,Normal
35250,Normal
8512,Suicidal
32228,Normal
37121,Normal
9574,Anxiety
37872,Normal
36647,Normal
39429,Anxiety
40319,Normal
98,Suicidal
429,Anxiety
16618,Depression
24886,Normal
30997,Normal
6,Anxiety
33034,Depression
39481,Anxiety
38179,Normal
31841,Depression
43526,Anxiety
31639,Depression
33105,Depression
12044,Depression
6865,Depression
20363,Suicidal
48012,Suicidal
7787,Depression
2546,Normal
42160,Suicidal
11167,Suicidal
5966,Depression
2611,Normal
10037,Depression
3903,Normal
508,Anxiety
2944,Normal
13741,Suicidal
45600,Depression
19107,Suicidal
1623,Normal
18443,Suicidal
45814,Suicidal
32504,Anxiety
47430,Suicidal
31729,Depression
10079,Suicidal
41791,Normal
46348,Suicidal
12822,Depression
12028,Suicidal
39704,Anxiety
11128,Suicidal
41326,Depression
34144,Depression
47681,Depression
14700,Depression
11,Anxiety
48870,Anxiety
47233,Normal
46817,Depression
30183,Normal
39980,Anxiety
39737,Anxiety
43718,Normal
40541,Depression
16099,Depression
7328,Depression
4156,Normal
25981,Normal
46309,Normal
12325,Depression
6851,Depression
14187,Suicidal
39672,Anxiety
34001,Depression
28599,Anxiety
19000,Depression
24095,Normal
17678,Suicidal
17773,Suicidal
27947,Anxiety
3926,Normal
33829,Depression
47374,Depression
16691,Depression
45003,Suicidal
1873,Normal
15495,Suicidal
46678,Suicidal
18805,Depression
38012,Normal
8113,Suicidal
42159,Normal
18020,Depression
37453,Normal
71,Normal
42425,Suicidal
20014,Anxiety
14147,Depression
28182,Anxiety
28435,Anxiety
18869,Normal
30974,Normal
22330,Suicidal
39789,Suicidal
8491,Depression
672,Anxiety
48438,Anxiety
1885,Normal
38095,Normal
42014,Depression
43690,Suicidal
33518,Depression
39576,Anxiety
26256,Normal
35695,Normal
10954,Suicidal
40832,Anxiety
22925,Depression
39533,Anxiety
29019,Anxiety
44883,Depression
49098,Depression
10589,Depression
29749,Normal
18674,Suicidal
13316,Suicidal
9238,Depression
42449,Suicidal
45154,Depression
48648,Suicidal
28695,Anxiety
20977,Depression
4939,Normal
10788,Depression
25622,Normal
39991,Depression
29192,Anxiety
41522,Depression
8228,Suicidal
37038,Normal
30269,Suicidal
30399,Suicidal
11169,Depression
46696,Suicidal
26129,Normal
47498,Anxiety
30694,Normal
9365,Depression
25129,Normal
6928,Depression
12598,Normal
28156,Anxiety
8186,Depression
33415,Depression
17453,Suicidal
5545,Normal
11320,Depression
16283,Suicidal
15484,Normal
1515,Normal
28107,Anxiety
17334,Normal
43725,Normal
47076,Suicidal
49463,Anxiety
8946,Depression
7584,Suicidal
13752,Depression
23127,Anxiety
48467,Depression
549,Anxiety
34294,Depression
14540,Depression
29961,Normal
45751,Normal
40663,Depression
31998,Normal
7590,Depression
39431,Anxiety
36364,Normal
38886,Depression
2448,Normal
43684,Suicidal
38300,Depression
39222,Anxiety
15056,Suicidal
24864,Normal
39834,Anxiety
12741,Depression
32944,Depression
20579,Normal
19213,Depression
13801,Suicidal
48795,Depression
44183,Normal
17998,Suicidal
27985,Anxiety
18733,Suicidal
48075,Normal
17743,Depression
41338,Depression
46902,Depression
44254,Suicidal
12031,Suicidal
13624,Depression
29805,Suicidal
28286,Anxiety
21184,Suicidal
19735,Suicidal
3536,Normal
16458,Suicidal
28547,Depression
11036,Depression
39745,Depression
18430,Suicidal
5799,Normal
27159,Normal
38360,Suicidal
13190,Suicidal
14464,Depression
4439,Normal
35577,Normal
39859,Depression
13422,Suicidal
302,Anxiety
39122,Anxiety
27789,Normal
25407,Normal
33579,Depression
10491,Depression
32705,Depression
40276,Anxiety
18431,Depression
33032,Suicidal
38720,Depression
43450,Normal
45774,Depression
25209,Normal
40070,Depression
7573,Suicidal
13455,Depression
28411,Anxiety
884,Normal
47549,Depression
2035,Normal
49421,Anxiety
39250,Anxiety
1583,Normal
38474,Depression
28764,Anxiety
40630,Suicidal
26138,Normal
31904,Depression
28588,Anxiety
21501,Depression
45204,Depression
37085,Normal
39639,Depression
20398,Depression
16059,Depression
11634,Depression
38987,Depression
10138,Depression
40062,Depression
31575,Depression
30125,Normal
12881,Normal
16241,Depression
8435,Suicidal
10749,Suicidal
32618,Depression
27061,Normal
40220,Anxiety
46501,Anxiety
37084,Normal
32399,Depression
48772,Depression
8218,Suicidal
24180,Depression
15918,Suicidal
36270,Normal
38289,Depression
16204,Depression
35673,Normal
40847,Anxiety
39816,Anxiety
2370,Normal
42321,Anxiety
19254,Suicidal
17308,Depression
46881,Suicidal
17898,Suicidal
40177,Depression
15055,Depression
11080,Depression
14954,Suicidal
29196,Anxiety
27223,Normal
2884,Normal
6020,Normal
19857,Depression
42832,Depression
31662,Depression
12203,Suicidal
11679,Suicidal
45279,Depression
28625,Anxiety
381,Anxiety
42265,Depression
36022,Normal
43582,Depression
22056,Suicidal
3461,Normal
9098,Depression
20104,Depression
35666,Normal
32229,Depression
24533,Normal
13099,Suicidal
49297,Anxiety
24407,Normal
21686,Suicidal
12553,Suicidal
12504,Suicidal
39844,Anxiety
21007,Suicidal
49591,Suicidal
32613,Depression
47963,Normal
28188,Anxiety
41670,Suicidal
2609,Normal
47840,Anxiety
10617,Depression
26580,Normal
16808,Depression
42861,Anxiety
17718,Normal
21137,Suicidal
4146,Normal
48069,Normal
35575,Normal
35569,Normal
48305,Normal
30880,Normal
26524,Normal
28302,Anxiety
24869,Normal
29127,Anxiety
45367,Normal
13397,Depression
8873,Depression
27787,Normal
21486,Depression
34342,Normal
19813,Suicidal
45508,Anxiety
48165,Anxiety
12147,Suicidal
39608,Suicidal
39446,Anxiety
45778,Anxiety
14105,Suicidal
12972,Suicidal
39447,Depression
1951,Normal
2386,Normal
22790,Depression
614,Anxiety
11070,Depression
9509,Suicidal
10240,Suicidal
28046,Anxiety
47310,Depression
43932,Depression
29860,Normal
36149,Normal
46994,Anxiety
35809,Normal
6996,Normal
15733,Depression
45930,Anxiety
24721,Normal
21678,Depression
3634,Normal
32785,Depression
42956,Normal
26757,Normal
13587,Suicidal
2842,Normal
2246,Normal
9764,Suicidal
25001,Normal
14492,Suicidal
45791,Anxiety
31378,Depression
6437,Normal
23780,Normal
19157,Depression
28108,Anxiety
49533,Anxiety
15825,Suicidal
15518,Depression
25665,Normal
45007,Anxiety
3712,Normal
37525,Normal
4371,Normal
47318,Depression
20156,Depression
4393,Normal
28086,Normal
43622,Anxiety
32532,Depression
27384,Normal
13486,Depression
76,Anxiety
23512,Normal
14611,Depression
20858,Depression
7441,Depression
22392,Depression
4363,Normal
13074,Depression
29739,Normal
25462,Normal
23545,Normal
18802,Depression
28387,Normal
35961,Normal
19867,Normal
28910,Anxiety
29972,Suicidal
27934,Anxiety
17528,Suicidal
46059,Depression
6801,Depression
30074,Normal
36,Anxiety
3263,Normal
1943,Normal
27991,Normal
11438,Depression
39527,Anxiety
36250,Normal
14211,Depression
44901,Depression
33274,Depression
48910,Anxiety
14205,Depression
2789,Normal
11175,Depression
37823,Normal
17386,Normal
28633,Anxiety
17395,Depression
8626,Suicidal
38461,Normal
19637,Suicidal
46757,Suicidal
29193,Anxiety
23757,Normal
48759,Depression
32109,Depression
546,Anxiety
48652,Suicidal
39772,Anxiety
38594,Depression
6273,Normal
37052,Normal
11053,Suicidal
18918,Suicidal
39955,Depression
39937,Anxiety
31475,Depression
35403,Normal
29836,Normal
44824,Suicidal
11218,Normal
42333,Anxiety
7922,Suicidal
40683,Suicidal
45419,Suicidal
48182,Depression
40292,Anxiety
49127,Anxiety
33091,Depression
40860,Normal
28971,Anxiety
18878,Suicidal
374,Anxiety
21328,Suicidal
10364,Suicidal
26169,Normal
3758,Normal
39748,Anxiety
28981,Anxiety
49166,Depression
21121,Depression
33986,Depression
8698,Depression
2190,Normal
44868,Anxiety
4770,Normal
48444,Depression
42110,Suicidal
45779,Anxiety
48056,Depression
48684,Normal
27040,Normal
47343,Anxiety
47805,Depression
28728,Anxiety
20345,Suicidal
33839,Depression
6692,Normal
16190,Suicidal
17683,Suicidal
38797,Depression
9364,Suicidal
234,Anxiety
23554,Normal
38686,Suicidal
17793,Depression
42561,Suicidal
12389,Depression
3886,Normal
39815,Depression
36643,Normal
39464,Anxiety
18925,Normal
42176,Depression
21463,Normal
33474,Depression
39636,Anxiety
32169,Anxiety
11695,Suicidal
18179,Depression
13187,Depression
9470,Depression
26259,Normal
42436,Anxiety
43263,Depression
22408,Suicidal
28726,Anxiety
14012,Depression
7857,Suicidal
20165,Normal
21359,Suicidal
16420,Suicidal
28458,Anxiety
47939,Anxiety
15807,Depression
45877,Anxiety
44304,Suicidal
11718,Suicidal
15448,Suicidal
46150,Suicidal
27966,Anxiety
17570,Suicidal
31494,Depression
33000,Depression
4940,Normal
40938,Depression
7430,Depression
29041,Anxiety
12986,Suicidal
13622,Suicidal
21204,Suicidal
40091,Anxiety
221,Anxiety
39638,Anxiety
24534,Normal
33678,Depression
12564,Depression
11717,Depression
17537,Suicidal
43316,Anxiety
43985,Suicidal
20692,Depression
3419,Depression
41009,Anxiety
41139,Suicidal
33384,Depression
34459,Normal
8663,Depression
44908,Normal
4005,Normal
46945,Depression
49129,Anxiety
13403,Depression
4919,Normal
47317,Suicidal
14929,Depression
38762,Suicidal
16961,Depression
9994,Suicidal
39173,Anxiety
11988,Depression
39823,Suicidal
41092,Suicidal
18389,Suicidal
17497,Depression
39180,Depression
637,Anxiety
28894,Anxiety
10490,Suicidal
25897,Normal
17990,Suicidal
20598,Depression
7879,Suicidal
38312,Depression
10916,Depression
28042,Anxiety
2464,Normal
29050,Anxiety
28569,Anxiety
9892,Depression
16710,Depression
1804,Normal
45767,Anxiety
12433,Suicidal
23852,Normal
46665,Depression
19910,Normal
11041,Suicidal
984,Normal
27459,Normal
552,Anxiety
23915,Normal
46175,Depression
39536,Anxiety
15271,Depression
35768,Normal
41063,Depression
27964,Suicidal
44949,Normal
24435,Normal
31710,Depression
40670,Suicidal
10075,Suicidal
24900,Normal
2076,Normal
28982,Anxiety
26240,Normal
24688,Normal
48357,Depression
20546,Depression
48541,Anxiety
29007,Anxiety
14032,Suicidal
15549,Depression
2357,Normal
41194,Depression
22645,Depression
563,Anxiety
44043,Anxiety
8475,Depression
45748,Suicidal
22724,Depression
17685,Depression
16780,Suicidal
48786,Depression
5508,Normal
26584,Normal
337,Anxiety
47422,Normal
13330,Depression
44406,Anxiety
43457,Anxiety
28035,Anxiety
20763,Suicidal
30893,Normal
34786,Normal
1849,Normal
32724,Depression
331,Anxiety
31964,Depression
27998,Depression
26462,Normal
38568,Depression
15793,Depression
276,Anxiety
27110,Normal
12545,Normal
49303,Normal
16638,Depression
39485,Anxiety
39758,Anxiety
33947,Depression
24441,Normal
11616,Suicidal
16540,Depression
17996,Suicidal
23712,Depression
32081,Depression
21876,Normal
43786,Suicidal
41417,Anxiety
42806,Depression
18940,Suicidal
23365,Normal
18412,Depression
22001,Suicidal
39474,Anxiety
340,Anxiety
535,Anxiety
32463,Depression
28900,Anxiety
20005,Normal
39712,Anxiety
24125,Normal
13577,Normal
22895,Normal
43717,Suicidal
48278,Anxiety
12040,Depression
2450,Normal
15339,Depression
14997,Depression
19217,Depression
14904,Suicidal
43088,Normal
571,Anxiety
46116,Depression
111,Anxiety
34781,Normal
294,Anxiety
11585,Depression
27450,Normal
343,Anxiety
19481,Depression
13319,Suicidal
39251,Anxiety
2224,Normal
41646,Anxiety
10003,Depression
12,Anxiety
41570,Depression
40557,Suicidal
14521,Depression
25038,Normal
15661,Depression
194,Anxiety
45947,Depression
27772,Normal
39966,Anxiety
32938,Suicidal
15081,Suicidal
19044,Suicidal
16538,Depression
28089,Anxiety
36895,Normal
18976,Suicidal
7524,Depression
49580,Normal
15312,Suicidal
28122,Anxiety
29,Anxiety
30478,Normal
16501,Depression
44402,Depression
33247,Depression
14349,Depression
39281,Anxiety
7735,Depression
30834,Normal
48274,Anxiety
29288,Normal
334,Normal
42547,Depression
47907,Anxiety
354,Anxiety
5803,Normal
39931,Anxiety
19946,Suicidal
25610,Normal
7648,Depression
46858,Depression
9780,Suicidal
43633,Depression
29871,Normal
32614,Depression
6872,Suicidal
7908,Normal
17817,Suicidal
41871,Suicidal
29024,Anxiety
11980,Suicidal
118,Anxiety
22044,Normal
43691,Normal
19998,Suicidal
13451,Suicidal
7622,Depression
24611,Normal
7099,Suicidal
44627,Depression
15349,Depression
5537,Normal
28090,Normal
47586,Depression
30250,Normal
21668,Suicidal
32597,Normal
25406,Normal
49395,Normal
649,Anxiety
14016,Depression
36613,Normal
41294,Depression
25533,Normal
49235,Depression
44198,Suicidal
342,Anxiety
13215,Suicidal
4178,Normal
48297,Anxiety
37617,Normal
16427,Depression
13365,Suicidal
17910,Depression
41420,Anxiety
29668,Depression
36400,Normal
30781,Suicidal
4607,Normal
35693,Normal
1977,Normal
4302,Normal
28808,Anxiety
38835,Depression
36938,Normal
49535,Depression
48015,Anxiety
46293,Anxiety
24092,Depression
17559,Depression
33279,Depression
17283,Suicidal
28279,Depression
19602,Depression
723,Anxiety
31929,Depression
564,Normal
29564,Normal
1693,Normal
33420,Depression
23543,Normal
15029,Suicidal
32570,Depression
4731,Normal
7404,Suicidal
3234,Normal
40500,Suicidal
49080,Anxiety
21108,Suicidal
43999,Depression
42671,Anxiety
43801,Suicidal
13426,Suicidal
16192,Suicidal
21374,Suicidal
8917,Depression
10074,Anxiety
42237,Anxiety
862,Normal
40738,Anxiety
11837,Suicidal
26935,Normal
8362,Suicidal
15965,Depression
39646,Anxiety
46772,Anxiety
44443,Anxiety
39934,Anxiety
3076,Normal
3200,Normal
11285,Depression
52,Normal
24715,Normal
4289,Normal
33296,Depression
15705,Suicidal
518,Anxiety
43693,Anxiety
43980,Depression
35307,Normal
28928,Normal
8577,Suicidal
41998,Anxiety
39658,Anxiety
25823,Normal
14154,Depression
28414,Anxiety
484,Anxiety
44234,Suicidal
8581,Suicidal
30934,Normal
16776,Normal
1130,Normal
28028,Anxiety
40082,Anxiety
9872,Depression
5977,Normal
34876,Normal
41691,Normal
5908,Normal
17859,Depression
31596,Depression
47472,Normal
8789,Suicidal
36984,Normal
21225,Suicidal
23971,Depression
47512,Suicidal
5204,Normal
5766,Normal
13080,Depression
10438,Depression
25598,Normal
34473,Normal
49574,Normal
12782,Depression
32608,Depression
1735,Normal
38227,Depression
31158,Depression
15267,Suicidal
9490,Depression
47340,Suicidal
34880,Normal
22406,Suicidal
29259,Anxiety
7750,Suicidal
30898,Normal
28509,Anxiety
39633,Anxiety
42058,Normal
5985,Normal
29324,Depression
39723,Anxiety
12362,Depression
40233,Depression
2947,Normal
43600,Normal
31499,Depression
43834,Anxiety
3770,Normal
19630,Anxiety
6889,Depression
42618,Depression
39098,Anxiety
39012,Suicidal
35975,Normal
31239,Depression
45805,Normal
29168,Anxiety
37849,Normal
43166,Anxiety
30798,Suicidal
48499,Suicidal
20818,Suicidal
17263,Suicidal
39048,Depression
31319,Normal
147,Anxiety
14059,Depression
35549,Normal
44832,Anxiety
3210,Normal
45087,Normal
17679,Suicidal
17591,Depression
1831,Normal
10247,Suicidal
47640,Depression
47770,Normal
5429,Normal
12183,Suicidal
18493,Depression
28638,Anxiety
10313,Suicidal
23989,Normal
43615,Normal
24969,Normal
10068,Normal
14475,Suicidal
24238,Normal
39890,Anxiety
27856,Anxiety
28331,Anxiety
43317,Anxiety
28830,Anxiety
18407,Depression
15386,Normal
14473,Normal
46715,Depression
29845,Normal
21029,Depression
11012,Depression
44192,Anxiety
25130,Normal
20467,Anxiety
8496,Normal
18741,Suicidal
29133,Anxiety
39297,Anxiety
4529,Normal
20538,Depression
1498,Normal
49132,Depression
10242,Depression
6860,Depression
500,Anxiety
39514,Anxiety
17657,Suicidal
28709,Anxiety
40425,Anxiety
47196,Anxiety
11004,Depression
47862,Anxiety
23300,Normal
42634,Suicidal
36161,Normal
39393,Anxiety
6121,Normal
45412,Normal
44691,Depression
46943,Normal
20159,Depression
8845,Suicidal
39718,Anxiety
28129,Anxiety
32834,Depression
15770,Suicidal
19285,Suicidal
18743,Depression
39899,Anxiety
39877,Anxiety
39101,Anxiety
14055,Suicidal
38897,Depression
44213,Suicidal
25419,Normal
17785,Suicidal
13399,Depression
41808,Anxiety
18380,Depression
8263,Suicidal
42883,Suicidal
1229,Normal
20720,Depression
530,Anxiety
17629,Anxiety
33963,Normal
28903,Anxiety
25404,Normal
14359,Depression
48099,Anxiety
45226,Depression
7446,Depression
47236,Depression
14018,Depression
33006,Normal
20954,Suicidal
866,Depression
13390,Suicidal
368,Normal
29305,Normal
40260,Anxiety
24046,Normal
403,Anxiety
25394,Normal
1413,Normal
5658,Normal
31718,Depression
25362,Normal
40678,Depression
24731,Normal
41186,Anxiety
43071,Depression
22431,Depression
18762,Depression
19324,Suicidal
9,Anxiety
14358,Suicidal
36035,Normal
39803,Normal
16957,Suicidal
11939,Suicidal
4647,Normal
39207,Anxiety
45777,Depression
11508,Suicidal
30282,Suicidal
16914,Depression
20962,Suicidal
20741,Suicidal
10367,Depression
5337,Normal
13924,Depression
39887,Anxiety
10157,Depression
49403,Anxiety
40116,Depression
34238,Depression
45011,Depression
11117,Depression
4155,Normal
6500,Normal
12671,Depression
47030,Suicidal
30142,Suicidal
8245,Suicidal
43539,Depression
12491,Depression
45687,Depression
43453,Anxiety
41603,Normal
28486,Anxiety
8031,Depression
8806,Suicidal
7886,Depression
17959,Suicidal
40974,Anxiety
24506,Normal
1579,Normal
41930,Suicidal
10746,Depression
25128,Normal
46646,Normal
7596,Suicidal
39400,Depression
45381,Normal
35614,Normal
28475,Anxiety
12859,Depression
19369,Suicidal
31498,Depression
954,Normal
33631,Depression
451,Normal
29026,Anxiety
199,Anxiety
46550,Suicidal
28470,Anxiety
35752,Normal
17383,Depression
13260,Depression
49096,Anxiety
6531,Normal
41158,Anxiety
22015,Suicidal
27737,Normal
380,Anxiety
19184,Depression
23928,Normal
30701,Depression
45714,Suicidal
692,Anxiety
10044,Suicidal
46510,Suicidal
29142,Anxiety
31004,Normal
28249,Anxiety
42402,Anxiety
37544,Normal
29140,Anxiety
46496,Depression
46807,Anxiety
3027,Normal
46591,Anxiety
27780,Normal
11978,Depression
47290,Normal
409,Normal
22135,Suicidal
28688,Anxiety
236,Anxiety
35610,Normal
25071,Normal
88,Anxiety
16944,Suicidal
43,Anxiety
20702,Depression
20982,Suicidal
14943,Suicidal
20067,Depression
25925,Normal
22815,Suicidal
11331,Suicidal
8815,Depression
31665,Depression
28859,Anxiety
39401,Anxiety
32365,Depression
21369,Depression
35574,Normal
5978,Normal
21480,Depression
14344,Depression
1938,Normal
13021,Depression
19763,Depression
20495,Depression
23623,Normal
31412,Depression
42758,Anxiety
4297,Normal
20970,Suicidal
28132,Anxiety
19846,Suicidal
46907,Anxiety
48658,Anxiety
39348,Anxiety
49246,Depression
13645,Suicidal
42419,Suicidal
56,Anxiety
36037,Normal
23452,Normal
21855,Suicidal
32616,Depression
40758,Suicidal
26329,Normal
19223,Depression
12747,Depression
3509,Normal
19282,Suicidal
11329,Depression
49211,Depression
7836,Depression
41064,Depression
7610,Suicidal
20845,Suicidal
16854,Normal
1297,Normal
12398,Depression
31826,Depression
28924,Anxiety
33184,Depression
19724,Suicidal
40996,Suicidal
41126,Depression
18608,Depression
19227,Suicidal
19985,Suicidal
19906,Depression
48073,Suicidal
39565,Depression
17594,Suicidal
42231,Suicidal
38381,Normal
48084,Normal
48521,Suicidal
22171,Depression
21462,Suicidal
25587,Normal
31327,Depression
12008,Suicidal
31556,Depression
6134,Depression
37429,Normal
25800,Normal
39606,Depression
44064,Depression
15345,Suicidal
25190,Normal
11244,Depression
28834,Normal
39753,Anxiety
41889,Anxiety
15199,Depression
9275,Depression
39593,Anxiety
48621,Suicidal
29070,Anxiety
20086,Suicidal
36615,Normal
46080,Anxiety
28862,Anxiety
28719,Anxiety
47267,Suicidal
39785,Anxiety
39812,Anxiety
15606,Depression
39145,Anxiety
7168,Suicidal
33647,Depression
24811,Normal
43276,Depression
20607,Suicidal
12175,Normal
38808,Depression
49410,Depression
34,Anxiety
39983,Anxiety
3588,Normal
38624,Depression
3737,Normal
254,Anxiety
10973,Suicidal
18011,Depression
3979,Normal
47429,Depression
27216,Normal
16436,Depression
33354,Depression
43556,Suicidal
39488,Anxiety
8023,Suicidal
47754,Anxiety
6816,Suicidal
32039,Depression
36011,Normal
17227,Depression
43440,Normal
21641,Normal
15697,Depression
47232,Normal
18486,Depression
10566,Suicidal
23350,Normal
48961,Anxiety
29331,Depression
38817,Depression
43209,Depression
30088,Depression
298,Anxiety
46072,Anxiety
44891,Normal
15356,Suicidal
18192,Suicidal
29628,Normal
39458,Anxiety
49457,Suicidal
22153,Depression
24961,Normal
27472,Normal
46683,Depression
18966,Suicidal
27990,Anxiety
13739,Normal
22872,Anxiety
8091,Depression
31525,Depression
47433,Depression
7869,Suicidal
20474,Suicidal
18259,Suicidal
41310,Suicidal
26933,Normal
31177,Depression
32735,Depression
17946,Suicidal
48432,Suicidal
16531,Normal
654,Depression
18619,Suicidal
4292,Normal
26736,Normal
41806,Depression
4521,Normal
18288,Depression
45536,Anxiety
28391,Anxiety
12548,Depression
14868,Suicidal
31684,Depression
8761,Suicidal
600,Anxiety
31678,Depression
29209,Anxiety
45670,Depression
14355,Depression
46633,Depression
2766,Normal
22749,Depression
19655,Depression
14227,Suicidal
21769,Suicidal
7150,Depression
11431,Suicidal
39881,Anxiety
34360,Normal
22037,Suicidal
48967,Depression
2633,Normal
30380,Normal
17751,Suicidal
13951,Depression
14658,Depression
45441,Anxiety
32048,Depression
39809,Depression
3983,Normal
34624,Normal
15091,Suicidal
20333,Suicidal
15722,Depression
28534,Anxiety
21132,Suicidal
44115,Anxiety
19787,Suicidal
39765,Anxiety
3366,Normal
47421,Suicidal
30136,Normal
21530,Depression
15452,Depression
4501,Normal
41619,Depression
14518,Depression
2725,Normal
49448,Suicidal
31737,Depression
68,Anxiety
17040,Depression
22425,Suicidal
28374,Normal
13562,Depression
32912,Depression
28252,Anxiety
24138,Normal
22748,Depression
15612,Suicidal
46188,Depression
11732,Depression
42633,Depression
9940,Depression
46729,Anxiety
42727,Anxiety
42966,Depression
3386,Normal
3648,Normal
8159,Depression
1163,Normal
48587,Anxiety
27834,Normal
3626,Normal
45139,Anxiety
43937,Anxiety
17520,Suicidal
12748,Normal
42035,Anxiety
13374,Suicidal
23253,Normal
172,Anxiety
41761,Suicidal
48180,Depression
26278,Normal
40199,Depression
16513,Depression
39798,Anxiety
40673,Suicidal
32072,Depression
40241,Depression
39727,Anxiety
20966,Depression
42692,Anxiety
22029,Suicidal
28483,Normal
46087,Anxiety
25868,Normal
14216,Depression
40668,Depression
35824,Normal
36159,Normal
28735,Anxiety
11379,Suicidal
15340,Depression
24979,Normal
40570,Anxiety
39804,Anxiety
43882,Normal
37210,Normal
32411,Depression
9613,Suicidal
45410,Normal
43627,Normal
8514,Depression
7716,Depression
15057,Normal
7797,Depression
7627,Depression
49177,Anxiety
21650,Depression
20940,Suicidal
7809,Suicidal
29990,Normal
39441,Depression
47068,Anxiety
47440,Normal
2617,Normal
3580,Normal
42718,Depression
16328,Suicidal
28305,Anxiety
31049,Normal
14397,Depression
21395,Depression
25784,Normal
685,Anxiety
40252,Suicidal
28397,Anxiety
3754,Normal
41849,Depression
2972,Normal
2198,Normal
27955,Anxiety
1577,Normal
44334,Anxiety
11668,Normal
2903,Normal
34500,Anxiety
17607,Suicidal
40660,Anxiety
44034,Anxiety
48927,Depression
33214,Depression
13118,Depression
40438,Anxiety
45223,Depression
17394,Depression
41069,Suicidal
20699,Depression
37496,Normal
40583,Depression
39848,Anxiety
41393,Normal
43844,Normal
2461,Normal
33961,Depression
20026,Depression
15063,Depression
13045,Suicidal
47981,Normal
47,Anxiety
32268,Depression
1324,Normal
14251,Suicidal
46672,Suicidal
26499,Normal
7583,Anxiety
7690,Suicidal
46287,Anxiety
46667,Depression
47162,Normal
12610,Depression
39343,Anxiety
84,Normal
10819,Suicidal
29909,Suicidal
12089,Suicidal
14067,Suicidal
43508,Anxiety
27262,Normal
34915,Normal
13463,Suicidal
32520,Depression
16960,Depression
25240,Normal
30911,Normal
48375,Depression
5106,Normal
28162,Anxiety
25862,Normal
14150,Depression
37375,Normal
616,Anxiety
33572,Depression
45663,Anxiety
20171,Suicidal
19855,Depression
8003,Suicidal
22585,Suicidal
34629,Normal
29521,Suicidal
18611,Anxiety
9244,Suicidal
29824,Depression
30713,Normal
42760,Anxiety
32961,Depression
28887,Anxiety
46695,Suicidal
36815,Normal
47243,Anxiety
39258,Anxiety
28817,Anxiety
39615,Anxiety
44038,Suicidal
33951,Depression
15257,Suicidal
34594,Normal
48094,Anxiety
28994,Anxiety
46338,Suicidal
23224,Normal
26567,Normal
6236,Anxiety
20585,Suicidal
21436,Suicidal
30534,Normal
17752,Depression
11136,Depression
32865,Depression
45251,Normal
27840,Anxiety
26164,Normal
44397,Normal
49522,Depression
23277,Depression
1893,Normal
22826,Suicidal
38353,Depression
32194,Depression
29158,Anxiety
7783,Depression
27124,Normal
4084,Normal
40411,Normal
46333,Anxiety
3346,Normal
273,Anxiety
43121,Depression
18297,Suicidal
3126,Normal
20127,Depression
5562,Normal
4858,Normal
27821,Anxiety
2467,Normal
17753,Normal
24261,Normal
16656,Suicidal
41526,Depression
18272,Depression
4394,Normal
32279,Depression
41084,Suicidal
20540,Depression
22086,Suicidal
30251,Normal
31745,Depression
48525,Anxiety
6331,Normal
43175,Normal
28597,Anxiety
14501,Depression
17242,Suicidal
14602,Depression
34695,Normal
28768,Anxiety
40302,Depression
9954,Depression
28394,Normal
32359,Anxiety
13317,Suicidal
48614,Anxiety
29123,Anxiety
45542,Depression
35353,Normal
49576,Suicidal
39910,Anxiety
32496,Depression
25469,Normal
10465,Suicidal
18072,Suicidal
32582,Depression
2411,Normal
26774,Normal
13496,Suicidal
39546,Anxiety
29473,Normal
39027,Depression
17800,Depression
35412,Normal
42896,Anxiety
25547,Normal
15171,Depression
39411,Depression
417,Anxiety
16530,Depression
19463,Suicidal
9721,Suicidal
12000,Depression
8202,Suicidal
16577,Suicidal
42070,Suicidal
21622,Suicidal
4638,Normal
39428,Anxiety
37957,Normal
46606,Anxiety
2047,Normal
40621,Anxiety
6029,Normal
29055,Anxiety
41367,Anxiety
17522,Depression
2136,Normal
6057,Normal
12248,Suicidal
29202,Anxiety
5478,Normal
47039,Normal
4836,Normal
5686,Normal
18388,Normal
39459,Anxiety
43817,Suicidal
492,Anxiety
22235,Suicidal
45399,Suicidal
27428,Normal
45197,Anxiety
1838,Normal
7007,Suicidal
28449,Anxiety
39408,Anxiety
28914,Normal
29485,Normal
247,Anxiety
2427,Normal
12605,Depression
3064,Normal
5513,Normal
536,Anxiety
19723,Suicidal
41648,Depression
6102,Normal
8344,Suicidal
10681,Depression
26969,Normal
40444,Depression
20812,Normal
25659,Normal
42367,Depression
45221,Anxiety
36456,Normal
43257,Anxiety
28724,Anxiety
121,Anxiety
9564,Suicidal
32710,Suicidal
23574,Normal
26801,Normal
19533,Depression
32163,Depression
47661,Normal
49283,Normal
246,Anxiety
40221,Normal
28298,Depression
5885,Normal
22022,Depression
40308,Normal
222,Anxiety
33303,Depression
46049,Suicidal
41798,Depression
14976,Suicidal
44137,Anxiety
22041,Depression
28061,Anxiety
41968,Normal
3673,Normal
42886,Anxiety
44130,Normal
20505,Suicidal
27745,Normal
24027,Normal
11620,Depression
42814,Depression
45453,Suicidal
20493,Suicidal
42821,Normal
34394,Normal
29088,Anxiety
23942,Normal
35641,Normal
357,Normal
35083,Normal
39289,Anxiety
18879,Suicidal
21072,Depression
19333,Suicidal
15116,Depression
13901,Suicidal
37828,Normal
16461,Suicidal
2770,Normal
42296,Anxiety
511,Anxiety
2722,Normal
2120,Normal
8400,Suicidal
14561,Depression
47560,Suicidal
620,Normal
27833,Anxiety
30044,Suicidal
16489,Suicidal
14679,Suicidal
33950,Depression
11671,Depression
13566,Suicidal
7023,Suicidal
2686,Normal
18385,Suicidal
30859,Depression
23256,Anxiety
8264,Suicidal
29418,Depression
30684,Normal
43312,Depression
59,Anxiety
16019,Depression
16760,Normal
49335,Anxiety
2054,Normal
45060,Depression
39935,Anxiety
36071,Normal
19843,Normal
32073,Depression
15374,Depression
39210,Anxiety
17730,Depression
23466,Normal
26563,Normal
11860,Suicidal
12863,Suicidal
43490,Depression
11596,Depression
17623,Suicidal
15974,Suicidal
31674,Depression
10265,Suicidal
48771,Suicidal
29144,Anxiety
11520,Suicidal
12823,Depression
14320,Suicidal
32240,Depression
33655,Depression
43063,Anxiety
19879,Depression
19453,Depression
32339,Anxiety
43505,Suicidal
42211,Depression
22624,Suicidal
27820,Anxiety
18701,Depression
26654,Normal
44999,Depression
47904,Anxiety
24627,Normal
13071,Normal
42585,Suicidal
41944,Anxiety
815,Normal
45006,Anxiety
39833,Anxiety
30413,Normal
18632,Suicidal
39341,Anxiety
13140,Suicidal
37388,Normal
48317,Suicidal
27855,Anxiety
37921,Normal
219,Anxiety
44127,Depression
200,Anxiety
2130,Normal
47123,Depression
26904,Normal
44191,Suicidal
25863,Normal
39347,Depression
48325,Suicidal
21681,Suicidal
48844,Anxiety
40766,Anxiety
10657,Depression
49181,Anxiety
16457,Suicidal
47984,Suicidal
10487,Suicidal
46659,Normal
45258,Anxiety
6299,Normal
10358,Suicidal
49112,Depression
12321,Depression
29137,Anxiety
29261,Anxiety
46769,Normal
39324,Anxiety
28579,Anxiety
33088,Depression
16809,Suicidal
46324,Anxiety
42332,Anxiety
28228,Anxiety
34607,Normal
37215,Normal
9868,Depression
18128,Suicidal
35431,Normal
21466,Depression
44670,Anxiety
12420,Depression
30810,Suicidal
33659,Depression
22292,Suicidal
128,Anxiety
32294,Depression
49455,Anxiety
6540,Normal
47155,Anxiety
27254,Normal
38265,Depression
1155,Normal
46787,Suicidal
40409,Depression
37829,Normal
35518,Normal
20705,Suicidal
10764,Suicidal
18839,Suicidal
30047,Normal
9993,Depression
49345,Suicidal
43020,Anxiety
4295,Normal
34240,Depression
28557,Anxiety
15222,Depression
48757,Anxiety
33590,Depression
32651,Depression
41812,Suicidal
22764,Suicidal
42905,Depression
519,Anxiety
42205,Suicidal
8128,Suicidal
92,Normal
31103,Depression
24996,Normal
6739,Depression
47571,Normal
34277,Depression
12878,Depression
15225,Suicidal
5836,Normal
45479,Depression
17101,Depression
40913,Depression
28307,Anxiety
11399,Suicidal
42703,Anxiety
12925,Depression
29711,Normal
38069,Normal
21791,Suicidal
32047,Depression
41647,Anxiety
46969,Suicidal
29338,Normal
39138,Anxiety
14247,Suicidal
29678,Normal
22537,Suicidal
21290,Normal
38332,Depression
39947,Anxiety
30873,Normal
14347,Anxiety
36236,Normal
33102,Depression
9482,Depression
41045,Depression
27265,Normal
37277,Normal
20256,Suicidal
10197,Depression
28582,Normal
17137,Suicidal
40127,Anxiety
258,Anxiety
890,Normal
24378,Normal
17879,Normal
7144,Suicidal
44145,Depression
13908,Suicidal
26497,Normal
47249,Anxiety
46537,Normal
19684,Depression
11663,Depression
46167,Anxiety
28933,Anxiety
8272,Depression
47109,Normal
29691,Depression
13761,Normal
27422,Normal
41932,Anxiety
12546,Suicidal
25059,Normal
26985,Normal
41247,Normal
20937,Depression
21921,Depression
43380,Depression
43562,Normal
6809,Depression
49387,Anxiety
28556,Anxiety
33049,Depression
48303,Anxiety
40025,Anxiety
49521,Depression
28439,Anxiety
498,Anxiety
8195,Suicidal
13597,Suicidal
48487,Depression
38121,Normal
2540,Normal
43911,Suicidal
12648,Suicidal
29227,Suicidal
28075,Anxiety
10990,Depression
47578,Suicidal
48373,Anxiety
45305,Anxiety
11308,Suicidal
31402,Depression
153,Anxiety
41890,Anxiety
108,Anxiety
31460,Depression
22344,Depression
241,Anxiety
3209,Normal
46235,Depression
42788,Anxiety
39838,Depression
18895,Depression
13786,Depression
48151,Depression
28234,Normal
39759,Anxiety
18813,Normal
44877,Anxiety
16001,Depression
49259,Normal
7455,Suicidal
136,Anxiety
12665,Suicidal
45406,Anxiety
11762,Depression
42885,Suicidal
24380,Normal
47771,Normal
626,Anxiety
46703,Normal
13175,Normal
31941,Depression
40961,Suicidal
28591,Anxiety
20526,Suicidal
39708,Anxiety
45939,Anxiety
48088,Normal
26299,Normal
39159,Anxiety
19288,Depression
1819,Normal
41793,Normal
20746,Suicidal
39471,Anxiety
28465,Anxiety
48696,Depression
39510,Anxiety
42269,Suicidal
1665,Normal
6544,Normal
46438,Anxiety
30892,Normal
16841,Suicidal
22066,Depression
20889,Depression
34465,Normal
29251,Anxiety
44296,Anxiety
32978,Depression
9144,Suicidal
27973,Anxiety
40817,Depression
32398,Depression
39190,Depression
17120,Suicidal
8947,Suicidal
46663,Normal
49543,Suicidal
9927,Depression
40543,Suicidal
44316,Anxiety
19504,Suicidal
45063,Anxiety
28342,Normal
15958,Depression
46442,Normal
7265,Suicidal
45068,Anxiety
17647,Depression
16266,Suicidal
46018,Normal
30977,Suicidal
31644,Depression
14179,Depression
41292,Normal
34034,Depression
13257,Normal
19745,Suicidal
46964,Anxiety
42473,Depression
15538,Depression
16138,Suicidal
44935,Normal
29385,Suicidal
28831,Anxiety
28377,Anxiety
28262,Anxiety
22100,Depression
47938,Depression
31935,Anxiety
43037,Depression
15219,Suicidal
44995,Normal
42884,Depression
38569,Suicidal
18008,Depression
48104,Depression
12749,Suicidal
32517,Depression
43734,Depression
11673,Suicidal
4780,Normal
15323,Suicidal
14812,Depression
22,Anxiety
39674,Anxiety
3566,Normal
13812,Depression
29697,Suicidal
16663,Suicidal
16687,Suicidal
14357,Suicidal
22541,Depression
17953,Depression
47268,Suicidal
10501,Depression
23997,Normal
38973,Depression
49082,Anxiety
526,Anxiety
28301,Anxiety
43242,Anxiety
22487,Suicidal
16861,Normal
29030,Anxiety
45199,Anxiety
28660,Anxiety
29844,Normal
2872,Normal
34766,Normal
23722,Normal
40802,Depression
14875,Depression
30260,Normal
39264,Anxiety
39946,Anxiety
19500,Normal
1308,Normal
44860,Suicidal
44563,Anxiety
20396,Suicidal
30262,Normal
8418,Suicidal
13902,Suicidal
10391,Suicidal
12883,Suicidal
44404,Anxiety
8742,Suicidal
30823,Normal
48672,Depression
17480,Suicidal
15504,Suicidal
22997,Anxiety
31757,Depression
41183,Normal
20137,Suicidal
34616,Normal
28805,Anxiety
22774,Suicidal
16048,Depression
33761,Depression
30484,Normal
43010,Anxiety
43502,Depression
47793,Depression
11020,Suicidal
41891,Anxiety
2554,Normal
20558,Depression
10727,Depression
8410,Suicidal
43886,Depression
7298,Depression
43942,Depression
1408,Normal
32808,Depression
20915,Suicidal
17958,Suicidal
28732,Anxiety
47791,Depression
27469,Normal
21377,Depression
42536,Depression
25361,Normal
8738,Depression
38145,Normal
15747,Depression
1064,Normal
27341,Normal
4777,Normal
27259,Normal
19576,Suicidal
39954,Anxiety
8067,Anxiety
21125,Suicidal
46957,Anxiety
45094,Depression
1073,Normal
5438,Normal
20724,Suicidal
29226,Normal
46865,Suicidal
20834,Suicidal
40033,Suicidal
18195,Suicidal
8579,Depression
31969,Anxiety
12148,Depression
38303,Depression
19921,Depression
10226,Normal
30685,Suicidal
39982,Anxiety
42344,Suicidal
15409,Suicidal
39371,Anxiety
5016,Normal
32556,Depression
27187,Normal
19279,Suicidal
19605,Suicidal
22878,Normal
15748,Depression
11922,Depression
40188,Normal
18731,Depression
28645,Anxiety
26771,Normal
34092,Depression
16086,Suicidal
7416,Depression
49117,Suicidal
40342,Suicidal
9581,Suicidal
29239,Anxiety
19233,Depression
18987,Depression
47978,Normal
30436,Suicidal
28560,Anxiety
40589,Anxiety
36366,Normal
24346,Normal
44501,Anxiety
3835,Normal
49334,Anxiety
11340,Suicidal
44737,Anxiety
31569,Depression
5096,Normal
29999,Depression
15773,Depression
40569,Normal
30105,Normal
30504,Normal
45303,Depression
32016,Depression
33792,Normal
16968,Suicidal
41358,Depression
28190,Anxiety
8821,Suicidal
41634,Anxiety
11479,Suicidal
31361,Depression
27215,Normal
7885,Suicidal
36535,Normal
48664,Normal
6209,Normal
16813,Depression
9342,Suicidal
35173,Normal
16089,Depression
40894,Suicidal
10511,Depression
32089,Normal
43094,Normal
7171,Suicidal
19351,Suicidal
13466,Suicidal
9303,Depression
49520,Depression
19229,Suicidal
24291,Normal
38416,Depression
48079,Depression
34826,Normal
14807,Suicidal
4072,Normal
36998,Normal
28552,Normal
12638,Depression
22419,Depression
17615,Suicidal
31592,Depression
36088,Normal
48369,Anxiety
9836,Suicidal
44007,Suicidal
48183,Anxiety
44019,Suicidal
10623,Normal
11631,Depression
6034,Normal
24383,Normal
28323,Anxiety
31283,Depression
45694,Normal
10529,Suicidal
6076,Normal
28419,Anxiety
8017,Depression
16824,Anxiety
34213,Depression
46794,Depression
17446,Suicidal
13253,Suicidal
12102,Suicidal
11030,Normal
7095,Anxiety
2083,Normal
16624,Depression
32511,Normal
43381,Depression
12639,Suicidal
18777,Suicidal
41486,Normal
37077,Normal
43570,Normal
2800,Normal
41320,Suicidal
14549,Suicidal
10268,Depression
44852,Depression
14806,Depression
61,Anxiety
26601,Normal
5532,Normal
28786,Anxiety
38343,Depression
421,Normal
18397,Suicidal
21004,Normal
5212,Normal
38655,Depression
8111,Suicidal
18938,Suicidal
19548,Suicidal
2622,Normal
14272,Anxiety
22058,Depression
44818,Normal
30234,Normal
165,Anxiety
22484,Suicidal
41228,Suicidal
4545,Normal
38601,Depression
14342,Suicidal
33696,Depression
39153,Anxiety
33593,Depression
47833,Depression
39391,Anxiety
47973,Suicidal
29747,Suicidal
32869,Depression
36513,Normal
46778,Suicidal
35118,Normal
9810,Normal
2854,Normal
24989,Normal
1382,Normal
43468,Normal
28511,Anxiety
2677,Normal
39285,Anxiety
95,Anxiety
16026,Suicidal
43392,Normal
37122,Normal
40387,Depression
17658,Suicidal
46160,Anxiety
11154,Depression
38287,Suicidal
29896,Depression
28165,Suicidal
28373,Anxiety
47425,Normal
39914,Anxiety
43726,Anxiety
23333,Normal
26062,Normal
10731,Depression
41281,Anxiety
38750,Anxiety
22619,Suicidal
39129,Anxiety
21250,Depression
11026,Depression
3865,Normal
11228,Depression
42143,Anxiety
4648,Normal
24167,Normal
18427,Suicidal
2629,Normal
28238,Anxiety
1097,Normal
48446,Depression
4710,Normal
16416,Suicidal
21593,Depression
45734,Normal
11759,Suicidal
27650,Normal
29439,Suicidal
30675,Normal
24,Normal
657,Anxiety
11741,Suicidal
47937,Depression
45200,Normal
8041,Depression
48091,Depression
22542,Suicidal
13344,Depression
40443,Anxiety
39556,Anxiety
41675,Anxiety
4905,Normal
750,Normal
11969,Suicidal
45741,Suicidal
9378,Depression
38020,Normal
23436,Anxiety
81,Anxiety
25187,Normal
37643,Normal
10966,Suicidal
43752,Normal
13284,Suicidal
33956,Depression
30942,Depression
7775,Suicidal
7208,Suicidal
16290,Depression
6954,Normal
25602,Normal
16924,Normal
883,Normal
33218,Depression
8005,Suicidal
10219,Suicidal
44,Depression
16169,Suicidal
45035,Depression
44327,Suicidal
46298,Anxiety
35756,Normal
46643,Normal
42909,Anxiety
1041,Normal
48982,Depression
467,Normal
13601,Depression
39528,Anxiety
27997,Anxiety
46130,Anxiety
23284,Depression
28304,Anxiety
26335,Normal
46927,Suicidal
33945,Depression
26658,Normal
29031,Anxiety
38815,Depression
17384,Depression
48366,Depression
29048,Anxiety
36619,Normal
5021,Normal
28800,Anxiety
19264,Depression
9182,Depression
47888,Depression
33079,Depression
45205,Anxiety
39444,Anxiety
29139,Anxiety
16339,Depression
12201,Suicidal
13353,Suicidal
34296,Depression
45269,Normal
49582,Depression
10396,Suicidal
48605,Depression
37987,Normal
39328,Anxiety
31627,Depression
14774,Depression
37593,Normal
30220,Suicidal
39116,Anxiety
34145,Depression
22692,Normal
46231,Anxiety
43278,Suicidal
36690,Normal
482,Anxiety
7220,Depression
19656,Normal
17350,Suicidal
28312,Anxiety
8693,Depression
30761,Normal
34090,Depression
34442,Normal
31872,Depression
43048,Suicidal
5356,Normal
49372,Normal
11878,Depression
16662,Suicidal
28081,Anxiety
9984,Suicidal
31766,Depression
31574,Depression
33223,Depression
17560,Depression
7999,Suicidal
13547,Depression
41792,Depression
18060,Depression
33424,Depression
42564,Anxiety
41534,Suicidal
39475,Anxiety
17282,Depression
41970,Suicidal
40461,Normal
29371,Normal
15469,Suicidal
27938,Anxiety
26781,Normal
43015,Anxiety
20003,Suicidal
43763,Depression
43981,Anxiety
8569,Suicidal
15292,Suicidal
4733,Normal
21609,Suicidal
17010,Suicidal
20589,Depression
27267,Normal
39854,Anxiety
48270,Suicidal
25337,Normal
33414,Depression
32760,Depression
12186,Depression
13462,Suicidal
25453,Normal
22132,Normal
8296,Suicidal
41144,Normal
47722,Normal
26579,Normal
6487,Normal
25712,Normal
19808,Suicidal
13629,Suicidal
18577,Normal
21778,Depression
44120,Depression
34997,Normal
22199,Suicidal
38127,Normal
41086,Normal
15445,Depression
39271,Anxiety
7244,Depression
19582,Depression
19714,Normal
41529,Anxiety
45766,Depression
27178,Normal
2003,Normal
32445,Depression
10538,Depression
14363,Suicidal
29323,Depression
25781,Normal
15924,Suicidal
5925,Normal
48909,Anxiety
27523,Normal
27480,Normal
9298,Depression
43541,Suicidal
47599,Normal
21443,Depression
28759,Anxiety
24839,Normal
44159,Suicidal
26722,Normal
29112,Anxiety
27944,Anxiety
40065,Normal
4849,Normal
45968,Suicidal
31874,Depression
8574,Depression
46022,Suicidal
3220,Normal
48887,Depression
28315,Anxiety
35722,Normal
22698,Depression
44759,Suicidal
27668,Normal
44653,Depression
3503,Normal
9196,Depression
5461,Normal
37995,Normal
15250,Depression
44094,Anxiety
28847,Anxiety
13137,Normal
12518,Normal
28531,Anxiety
16998,Depression
46162,Depression
22555,Suicidal
47069,Depression
39730,Anxiety
33060,Depression
491,Anxiety
21365,Suicidal
20979,Normal
43869,Anxiety
39105,Anxiety
31132,Depression
39938,Anxiety
48692,Anxiety
26830,Normal
49241,Anxiety
35180,Normal
36599,Normal
33958,Depression
21135,Depression
44732,Anxiety
29804,Normal
39325,Anxiety
7865,Suicidal
29156,Anxiety
33157,Depression
43213,Anxiety
43587,Anxiety
27119,Normal
22353,Suicidal
21422,Depression
19066,Normal
13710,Suicidal
12970,Suicidal
21172,Suicidal
32430,Depression
17276,Depression
9537,Depression
12425,Anxiety
48488,Depression
18236,Suicidal
28011,Anxiety
249,Anxiety
2291,Normal
7098,Suicidal
44705,Suicidal
3514,Normal
47104,Depression
44424,Normal
39945,Depression
4376,Normal
44479,Anxiety
34623,Normal
15847,Suicidal
396,Anxiety
42661,Suicidal
19446,Depression
28398,Anxiety
28507,Normal
39885,Anxiety
36916,Normal
42206,Anxiety
17150,Suicidal
10625,Suicidal
28472,Normal
39198,Anxiety
43002,Depression
43681,Anxiety
35885,Normal
21967,Suicidal
21360,Normal
15673,Depression
4160,Normal
40915,Depression
7746,Suicidal
4771,Normal
10648,Normal
1451,Normal
39149,Anxiety
24484,Normal
45257,Normal
7225,Suicidal
23001,Normal
13896,Suicidal
33949,Depression
6492,Normal
39339,Anxiety
42825,Suicidal
8606,Normal
2197,Normal
28851,Depression
8314,Depression
7843,Depression
15987,Normal
18362,Suicidal
15195,Suicidal
46095,Normal
30190,Normal
28440,Anxiety
639,Anxiety
28345,Anxiety
29211,Anxiety
48519,Normal
34950,Normal
39451,Anxiety
32832,Depression
24242,Normal
34133,Depression
38352,Depression
21444,Depression
32915,Depression
29295,Suicidal
39193,Anxiety
28499,Anxiety
48162,Normal
45944,Depression
42157,Depression
42576,Depression
31878,Depression
40599,Depression
11960,Depression
44367,Suicidal
33497,Depression
42841,Anxiety
24764,Normal
35528,Normal
10410,Suicidal
10351,Normal
10937,Suicidal
12686,Normal
299,Anxiety
19796,Depression
40194,Depression
16959,Depression
10182,Normal
1663,Normal
7347,Depression
39936,Anxiety
28682,Depression
10866,Suicidal
19668,Normal
47703,Anxiety
6330,Normal
40611,Suicidal
40236,Anxiety
48374,Anxiety
12744,Depression
44369,Depression
23604,Normal
39916,Anxiety
25057,Normal
43033,Normal
2398,Normal
31625,Depression
10409,Depression
40699,Anxiety
14578,Suicidal
45551,Anxiety
411,Anxiety
42620,Depression
33690,Depression
37681,Normal
3505,Normal
284,Anxiety
4342,Normal
28999,Anxiety
49374,Suicidal
38160,Normal
32334,Anxiety
9213,Suicidal
27825,Anxiety
27929,Anxiety
7948,Suicidal
41469,Depression
40115,Depression
9334,Depression
27542,Normal
10073,Depression
44649,Anxiety
10343,Suicidal
4019,Normal
17343,Suicidal
32373,Depression
26131,Normal
24951,Normal
5013,Normal
28892,Anxiety
46366,Suicidal
14070,Normal
2757,Normal
28235,Anxiety
45304,Depression
28213,Anxiety
4140,Normal
13865,Suicidal
4191,Normal
49023,Depression
24653,Normal
13275,Suicidal
14918,Depression
10065,Suicidal
46384,Depression
22301,Suicidal
16188,Depression
39734,Depression
10336,Depression
5896,Normal
29546,Normal
1092,Normal
41275,Suicidal
1696,Normal
12694,Suicidal
170,Anxiety
46139,Suicidal
7123,Suicidal
8776,Suicidal
27639,Normal
31477,Depression
39482,Anxiety
35597,Suicidal
23689,Normal
6842,Depression
34735,Normal
42973,Normal
31764,Depression
39814,Anxiety
21356,Suicidal
35881,Normal
47019,Anxiety
49557,Anxiety
35755,Normal
5224,Normal
11108,Suicidal
41644,Depression
29274,Anxiety
18850,Depression
18457,Suicidal
2299,Normal
20603,Suicidal
40456,Anxiety
22980,Normal
15819,Suicidal
47588,Normal
15287,Depression
2367,Normal
42719,Anxiety
16556,Suicidal
45028,Normal
41706,Suicidal
23036,Normal
41893,Normal
24323,Normal
39183,Anxiety
16518,Suicidal
11387,Depression
17076,Depression
29104,Anxiety
28243,Anxiety
28936,Anxiety
20527,Depression
47940,Suicidal
2314,Normal
13312,Depression
15984,Suicidal
42393,Anxiety
41631,Depression
45227,Suicidal
43902,Depression
19073,Suicidal
15052,Depression
19046,Suicidal
14231,Suicidal
11239,Suicidal
38576,Depression
23449,Normal
7297,Depression
49126,Normal
45948,Depression
11468,Suicidal
48904,Anxiety
35097,Normal
10363,Depression
2723,Normal
49442,Suicidal
39716,Anxiety
44896,Anxiety
9438,Depression
22803,Depression
48230,Anxiety
37912,Normal
2772,Normal
28485,Normal
32269,Depression
27836,Anxiety
25729,Normal
2298,Normal
10278,Suicidal
34346,Normal
18146,Depression
19329,Suicidal
31733,Depression
19777,Suicidal
46407,Suicidal
35184,Normal
3530,Normal
22036,Depression
21077,Suicidal
40715,Suicidal
49104,Anxiety
9786,Normal
37365,Normal
47378,Suicidal
26961,Normal
14657,Normal
21879,Suicidal
30620,Normal
163,Anxiety
40496,Normal
43604,Suicidal
3292,Normal
4097,Normal
23758,Depression
44348,Normal
20332,Suicidal
14583,Depression
2709,Normal
38767,Depression
22915,Normal
9224,Suicidal
14140,Depression
17892,Suicidal
1201,Normal
11160,Normal
40192,Anxiety
39949,Anxiety
30476,Normal
34968,Normal
28761,Suicidal
44187,Depression
41876,Depression
26491,Normal
40971,Normal
43360,Suicidal
66,Normal
20222,Depression
8857,Depression
48131,Depression
9429,Depression
39307,Anxiety
32605,Depression
22892,Depression
46457,Normal
45043,Normal
28546,Anxiety
30581,Suicidal
48402,Normal
40350,Anxiety
38712,Suicidal
44363,Depression
46891,Suicidal
9068,Suicidal
14450,Anxiety
701,Anxiety
7512,Suicidal
30277,Suicidal
22977,Normal
43339,Suicidal
8024,Normal
23821,Normal
45907,Depression
22753,Depression
44245,Anxiety
45012,Depression
20226,Suicidal
22588,Suicidal
20131,Depression
47178,Normal
46306,Normal
39351,Anxiety
31700,Depression
21961,Depression
35805,Normal
1292,Normal
32057,Depression
42326,Anxiety
42543,Anxiety
737,Normal
17532,Suicidal
28144,Anxiety
31834,Depression
29149,Anxiety
48029,Suicidal
35977,Normal
33548,Depression
42115,Anxiety
12733,Normal
43365,Depression
708,Depression
34406,Normal
20719,Depression
49019,Normal
22242,Depression
8371,Suicidal
28194,Anxiety
16929,Suicidal
42246,Depression
3104,Normal
37881,Normal
47625,Depression
1960,Normal
21107,Depression
34282,Depression
39558,Anxiety
41241,Depression
35351,Normal
6858,Normal
676,Anxiety
38739,Suicidal
20529,Suicidal
25691,Normal
31543,Depression
17473,Normal
28219,Anxiety
40793,Suicidal
7981,Depression
27113,Normal
9230,Suicidal
9770,Depression
32001,Depression
19219,Depression
13578,Normal
11808,Depression
23043,Normal
22567,Depression
4141,Normal
48329,Normal
22442,Suicidal
41964,Anxiety
31714,Depression
32166,Depression
42572,Normal
35377,Normal
28685,Anxiety
4262,Suicidal
42369,Normal
39647,Normal
10076,Depression
15152,Suicidal
43793,Normal
49343,Anxiety
24361,Normal
35418,Normal
48440,Depression
2960,Normal
37971,Normal
27922,Anxiety
16134,Depression
28912,Anxiety
41491,Anxiety
30017,Suicidal
2807,Normal
47704,Normal
46350,Anxiety
15238,Depression
38146,Normal
28386,Anxiety
48985,Anxiety
28589,Anxiety
35041,Normal
1520,Normal
9516,Suicidal
35284,Normal
47558,Anxiety
45108,Anxiety
47141,Suicidal
32796,Depression
39090,Depression
5060,Normal
28434,Anxiety
47867,Anxiety
28329,Anxiety
30206,Normal
14523,Normal
49242,Suicidal
48034,Depression
39567,Normal
40731,Depression
43721,Depression
12590,Suicidal
42247,Anxiety
19778,Depression
26451,Normal
45495,Depression
48900,Normal
28913,Anxiety
28289,Anxiety
37169,Normal
28306,Anxiety
39840,Anxiety
36823,Normal
29748,Normal
28618,Anxiety
42693,Anxiety
12936,Suicidal
10478,Suicidal
23636,Normal
5544,Normal
27984,Anxiety
16010,Suicidal
34339,Normal
38565,Suicidal
33879,Depression
13973,Depression
40923,Suicidal
42230,Depression
101,Anxiety
31076,Depression
39265,Anxiety
20130,Suicidal
6682,Normal
32602,Depression
776,Normal
29037,Anxiety
49152,Normal
39839,Anxiety
28590,Anxiety
3565,Normal
44429,Anxiety
16788,Depression
2848,Normal
19300,Suicidal
14514,Suicidal
31358,Depression
49204,Anxiety
39519,Depression
33612,Depression
11887,Depression
20693,Depression
12136,Suicidal
11875,Suicidal
33038,Suicidal
46109,Depression
42981,Depression
42773,Depression
8145,Suicidal
39649,Anxiety
31518,Normal
5845,Normal
37348,Suicidal
45841,Anxiety
22147,Normal
42937,Depression
7674,Suicidal
33059,Suicidal
43658,Anxiety
13475,Depression
29111,Anxiety
45164,Suicidal
19498,Suicidal
20136,Depression
41174,Anxiety
7306,Normal
39849,Suicidal
41354,Depression
16388,Normal
26517,Normal
29958,Normal
13571,Depression
29351,Normal
7407,Depression
25686,Normal
28795,Anxiety
25641,Normal
30431,Normal
36892,Normal
13364,Suicidal
19051,Suicidal
44021,Suicidal
47626,Depression
18830,Suicidal
17923,Depression
33124,Depression
20762,Depression
26825,Normal
12406,Suicidal
36242,Normal
21786,Depression
16805,Depression
30355,Normal
41613,Suicidal
47673,Depression
35593,Normal
33646,Depression
10605,Suicidal
9155,Suicidal
49255,Suicidal
30028,Normal
33333,Depression
73,Anxiety
38800,Suicidal
5737,Normal
20462,Suicidal
17649,Suicidal
19307,Depression
43811,Suicidal
19189,Normal
4010,Normal
34283,Depression
17290,Suicidal
2038,Normal
11931,Depression
34239,Depression
41850,Suicidal
26918,Normal
44972,Suicidal
11139,Depression
47244,Normal
20052,Depression
23725,Normal
15182,Depression
36628,Normal
18836,Depression
29470,Suicidal
27550,Normal
37661,Normal
39666,Anxiety
46917,Anxiety
30360,Normal
39286,Anxiety
8277,Depression
10688,Suicidal
41388,Normal
12723,Suicidal
13603,Depression
27765,Normal
16773,Depression
29265,Anxiety
14374,Suicidal
30416,Normal
2138,Normal
9592,Normal
458,Anxiety
28710,Anxiety
2068,Normal
6655,Normal
13282,Suicidal
28457,Anxiety
48027,Anxiety
17914,Depression
28613,Anxiety
16934,Depression
28626,Depression
8250,Depression
5696,Normal
24113,Normal
19639,Suicidal
22760,Suicidal
47541,Depression
18437,Depression
38022,Normal
46224,Anxiety
31131,Depression
39291,Anxiety
48804,Suicidal
46296,Suicidal
45169,Depression
15556,Depression
28864,Anxiety
28770,Anxiety
40800,Anxiety
28669,Anxiety
39395,Anxiety
19669,Suicidal
49466,Suicidal
11088,Suicidal
49484,Depression
20920,Depression
40863,Suicidal
1545,Normal
45056,Depression
42359,Depression
43299,Depression
4455,Normal
36913,Normal
17654,Suicidal
30903,Suicidal
29638,Normal
48420,Anxiety
25844,Normal
206,Anxiety
23090,Normal
9628,Suicidal
4407,Normal
41880,Normal
37986,Normal
40575,Suicidal
24929,Normal
18886,Depression
940,Normal
28886,Anxiety
42218,Normal
12009,Depression
10864,Suicidal
14582,Suicidal
39687,Anxiety
9179,Suicidal
44957,Anxiety
39580,Anxiety
49609,Suicidal
36568,Normal
9264,Suicidal
27965,Anxiety
30663,Normal
33716,Depression
8074,Depression
16879,Suicidal
43593,Suicidal
25884,Normal
2384,Normal
44628,Anxiety
10224,Depression
47164,Suicidal
10573,Suicidal
22336,Suicidal
6881,Depression
27932,Anxiety
9477,Suicidal
11093,Depression
15115,Depression
10891,Depression
44715,Depression
4354,Normal
29656,Normal
42955,Suicidal
8137,Suicidal
31439,Depression
39906,Anxiety
13699,Normal
46166,Depression
15849,Depression
10717,Depression
9010,Depression
47668,Normal
46342,Depression
42783,Anxiety
32950,Depression
29078,Anxiety
31055,Normal
3353,Normal
24728,Normal
43137,Depression
39055,Depression
1765,Normal
25754,Normal
38329,Depression
10209,Suicidal
34940,Normal
14934,Suicidal
2698,Normal
20750,Depression
7906,Depression
7043,Suicidal
3556,Normal
38708,Suicidal
28416,Anxiety
44948,Normal
29157,Anxiety
10781,Anxiety
27831,Anxiety
24911,Normal
46464,Normal
12523,Suicidal
9197,Depression
39228,Anxiety
40010,Normal
27918,Anxiety
48111,Normal
19011,Depression
37848,Normal
32074,Depression
8235,Depression
6843,Suicidal
48121,Normal
7330,Suicidal
41201,Depression
38869,Suicidal
38335,Depression
4261,Normal
21939,Depression
14262,Depression
17117,Suicidal
21664,Depression
47497,Anxiety
9216,Suicidal
130,Anxiety
23665,Normal
38499,Depression
32923,Depression
8962,Depression
41211,Suicidal
16681,Depression
12778,Suicidal
21324,Anxiety
44965,Depression
10202,Normal
13641,Depression
7121,Depression
46025,Suicidal
17296,Suicidal
12193,Suicidal
43626,Depression
40100,Normal
35223,Normal
8326,Suicidal
8790,Depression
25617,Normal
41351,Depression
11247,Suicidal
36028,Normal
14517,Depression
24914,Normal
43864,Depression
40886,Anxiety
33197,Normal
36922,Normal
31652,Depression
49588,Anxiety
22215,Depression
29230,Anxiety
18156,Depression
28350,Anxiety
43483,Depression
42694,Depression
15202,Depression
21126,Suicidal
2409,Normal
15501,Depression
39665,Normal
39948,Anxiety
15136,Depression
31514,Depression
14981,Depression
14987,Depression
5495,Normal
4150,Normal
44087,Depression
6361,Normal
48363,Suicidal
39993,Anxiety
31992,Normal
21100,Suicidal
27500,Normal
38636,Suicidal
28179,Anxiety
18920,Suicidal
28287,Normal
32264,Normal
1401,Normal
29253,Anxiety
22899,Normal
2469,Normal
2870,Normal
10389,Depression
4202,Normal
33524,Depression
7587,Suicidal
46689,Anxiety
21618,Normal
32578,Depression
13007,Suicidal
35032,Normal
16064,Suicidal
39487,Anxiety
23826,Normal
7457,Suicidal
40223,Depression
802,Normal
44264,Anxiety
3970,Normal
3691,Normal
15736,Suicidal
28620,Normal
11773,Depression
21896,Suicidal
47469,Anxiety
20138,Suicidal
33361,Depression
9478,Suicidal
40101,Normal
144,Anxiety
2596,Normal
24945,Normal
45135,Suicidal
23313,Normal
48832,Depression
40001,Anxiety
2378,Normal
30163,Normal
19716,Suicidal
39284,Anxiety
32318,Depression
15977,Suicidal
17984,Depression
266,Normal
12381,Depression
47074,Depression
39305,Anxiety
22684,Suicidal
8709,Depression
46020,Anxiety
34833,Normal
48573,Depression
17380,Depression
27541,Normal
20451,Suicidal
27413,Normal
14410,Suicidal
42084,Depression
22947,Normal
40125,Suicidal
2586,Normal
41299,Anxiety
43044,Anxiety
29015,Anxiety
2429,Normal
28736,Anxiety
17891,Suicidal
11738,Suicidal
18228,Depression
8621,Depression
45345,Normal
35654,Normal
45716,Anxiety
14389,Suicidal
31276,Depression
7125,Suicidal
49206,Normal
11730,Suicidal
48493,Depression
42837,Depression
15018,Depression
41441,Depression
28460,Anxiety
38017,Normal
38511,Depression
47078,Normal
39997,Anxiety
10839,Suicidal
7078,Suicidal
15837,Suicidal
31565,Depression
23711,Anxiety
47195,Suicidal
28836,Anxiety
44842,Depression
7373,Suicidal
40080,Suicidal
39432,Anxiety
2154,Normal
20295,Normal
39698,Anxiety
37490,Normal
28797,Anxiety
33875,Depression
16751,Normal
8459,Depression
29081,Anxiety
28069,Depression
12016,Depression
25496,Normal
9184,Suicidal
947,Normal
6962,Suicidal
19662,Suicidal
39418,Depression
42755,Depression
17549,Suicidal
41562,Depression
29094,Anxiety
11341,Depression
100,Anxiety
1490,Normal
35005,Normal
33741,Depression
32004,Depression
47564,Depression
40876,Normal
25168,Normal
27656,Normal
17784,Suicidal
12447,Anxiety
25830,Normal
25706,Normal
33775,Normal
42641,Anxiety
19239,Suicidal
37428,Normal
39657,Anxiety
7959,Depression
44466,Suicidal
8114,Suicidal
44766,Anxiety
2211,Normal
28810,Anxiety
16182,Depression
2183,Depression
20627,Suicidal
13513,Suicidal
7844,Suicidal
43061,Anxiety
33099,Depression
6456,Normal
41062,Suicidal
41669,Suicidal
27727,Normal
14604,Depression
13369,Suicidal
9027,Suicidal
20327,Suicidal
9514,Suicidal
17574,Depression
6732,Normal
47097,Normal
32727,Suicidal
33191,Depression
45624,Anxiety
7387,Depression
40032,Anxiety
43733,Suicidal
19421,Depression
16315,Depression
48539,Anxiety
36478,Normal
23046,Normal
11349,Depression
4017,Normal
40152,Depression
19508,Suicidal
13718,Suicidal
28943,Anxiety
13476,Depression
15331,Suicidal
18826,Suicidal
27906,Normal
14590,Suicidal
33816,Depression
2721,Normal
6622,Normal
507,Anxiety
30224,Suicidal
36995,Normal
39077,Depression
7310,Suicidal
28125,Anxiety
8116,Depression
15048,Depression
46369,Anxiety
13887,Depression
35791,Normal
11886,Suicidal
43669,Normal
31349,Depression
21745,Suicidal
37532,Normal
38742,Suicidal
20885,Depression
36990,Normal
28743,Anxiety
77,Anxiety
17544,Depression
47792,Anxiety
13986,Suicidal
21257,Depression
41951,Suicidal
349,Anxiety
35261,Normal
40317,Suicidal
20344,Suicidal
28521,Anxiety
13528,Suicidal
18458,Suicidal
33863,Depression
21483,Depression
19521,Normal
47209,Anxiety
16199,Depression
11350,Suicidal
12264,Suicidal
47481,Anxiety
40250,Suicidal
16351,Depression
5442,Normal
21183,Suicidal
49250,Normal
14613,Depression
11964,Suicidal
4115,Normal
45277,Depression
33143,Depression
39952,Depression
5887,Normal
39908,Anxiety
45833,Normal
39249,Anxiety
724,Anxiety
28644,Anxiety
29096,Anxiety
28908,Anxiety
681,Anxiety
39148,Anxiety
17774,Suicidal
30139,Suicidal
4066,Normal
19048,Suicidal
20282,Suicidal
41449,Depression
13148,Suicidal
390,Anxiety
46808,Depression
15318,Suicidal
21832,Depression
49221,Anxiety
43013,Anxiety
36791,Normal
47443,Depression
41142,Anxiety
6766,Suicidal
2161,Normal
42877,Anxiety
12772,Depression
46700,Suicidal
39293,Anxiety
49304,Depression
29125,Anxiety
6964,Suicidal
43405,Normal
18441,Depression
18188,Suicidal
21479,Suicidal
43712,Depression
23702,Normal
32204,Depression
44893,Normal
41758,Normal
9294,Depression
38299,Depression
49314,Anxiety
22407,Normal
10893,Depression
39652,Anxiety
35797,Normal
38,Anxiety
40820,Anxiety
49447,Normal
14256,Suicidal
6285,Normal
13096,Suicidal
21270,Suicidal
24165,Normal
21688,Anxiety
18866,Suicidal
27850,Anxiety
20773,Suicidal
15824,Depression
8898,Suicidal
17303,Suicidal
22650,Normal
8945,Depression
22526,Normal
17201,Depression
39820,Anxiety
5628,Normal
30060,Normal
5009,Normal
40807,Anxiety
14548,Suicidal
525,Anxiety
7881,Suicidal
20405,Suicidal
49399,Depression
32844,Depression
19053,Depression
47135,Anxiety
39873,Anxiety
30172,Normal
7531,Anxiety
37885,Normal
9790,Suicidal
22558,Depression
28415,Anxiety
22722,Depression
18528,Suicidal
41179,Depression
42228,Suicidal
13662,Suicidal
6387,Normal
169,Anxiety
187,Anxiety
11302,Suicidal
548,Anxiety
36436,Normal
48862,Depression
29095,Anxiety
28543,Anxiety
28255,Anxiety
3779,Normal
40323,Normal
42124,Anxiety
44153,Normal
44977,Anxiety
14647,Depression
18160,Suicidal
39544,Anxiety
245,Normal
36054,Normal
29767,Suicidal
34106,Depression
22485,Suicidal
21267,Depression
39713,Anxiety
18526,Depression
33286,Depression
17957,Suicidal
36592,Normal
26864,Normal
33908,Depression
16167,Suicidal
9180,Depression
93,Anxiety
39205,Anxiety
33202,Depression
23910,Normal
34858,Normal
23536,Normal
9153,Suicidal
31995,Depression
44493,Depression
34091,Depression
28789,Anxiety
12919,Depression
40531,Depression
39030,Depression
8403,Suicidal
29258,Anxiety
28285,Anxiety
39682,Anxiety
4806,Normal
28533,Anxiety
33738,Depression
15253,Suicidal
12870,Suicidal
31469,Depression
36935,Normal
44062,Suicidal
10333,Suicidal
28181,Anxiety
3448,Normal
43406,Depression
112,Anxiety
28587,Anxiety
41643,Normal
42469,Anxiety
42083,Depression
22720,Depression
2393,Normal
49368,Suicidal
30450,Normal
16390,Depression
13109,Depression
49571,Depression
19871,Depression
704,Normal
43341,Anxiety
34460,Normal
16077,Suicidal
39797,Anxiety
7256,Suicidal
7677,Suicidal
39678,Anxiety
27843,Depression
11721,Depression
46292,Normal
1840,Normal
544,Anxiety
47264,Anxiety
8830,Suicidal
39628,Anxiety
29074,Anxiety
46273,Anxiety
28241,Anxiety
48032,Depression
449,Anxiety
10450,Suicidal
33146,Depression
1476,Normal
18299,Depression
32819,Suicidal
35886,Normal
459,Anxiety
20097,Depression
29635,Normal
12220,Suicidal
27898,Anxiety
20348,Suicidal
18363,Depression
32550,Depression
689,Anxiety
27826,Normal
22266,Suicidal
34183,Depression
42062,Anxiety
48130,Suicidal
33551,Depression
22797,Depression
38000,Normal
40479,Anxiety
47476,Anxiety
26816,Normal
10547,Depression
30425,Normal
12736,Suicidal
4557,Normal
44184,Anxiety
19840,Depression
43837,Anxiety
16363,Depression
49320,Anxiety
14524,Depression
1171,Normal
28432,Anxiety
46694,Suicidal
28150,Anxiety
46122,Depression
594,Anxiety
21709,Suicidal
18531,Depression
39719,Normal
40128,Anxiety
32823,Depression
6421,Normal
45510,Normal
18726,Depression
44533,Anxiety
41336,Anxiety
11313,Suicidal
146,Anxiety
31200,Depression
31501,Depression
43808,Depression
7399,Suicidal
37333,Normal
9995,Suicidal
27587,Normal
46784,Suicidal
21985,Suicidal
15368,Depression
14823,Normal
8420,Suicidal
32468,Anxiety
33198,Depression
25524,Normal
36095,Normal
15787,Depression
9458,Depression
5482,Normal
47037,Depression
9818,Depression
9650,Suicidal
25402,Normal
24357,Normal
32177,Depression
420,Anxiety
30992,Normal
42651,Anxiety
13174,Suicidal
33355,Depression
39549,Anxiety
41042,Suicidal
14844,Depression
27823,Anxiety
45723,Normal
699,Anxiety
1613,Normal
25640,Normal
30137,Suicidal
25069,Normal
37726,Normal
39288,Normal
12837,Normal
44718,Anxiety
12607,Suicidal
39110,Anxiety
41007,Normal
36096,Normal
44496,Depression
31244,Depression
22512,Suicidal
523,Normal
34734,Normal
47944,Anxiety
33730,Depression
25664,Normal
33477,Depression
43325,Suicidal
20570,Normal
21281,Depression
513,Normal
48518,Normal
26109,Normal
23832,Suicidal
28909,Anxiety
46412,Anxiety
9670,Suicidal
17043,Suicidal
25102,Normal
40939,Normal
12073,Suicidal
6198,Normal
17145,Suicidal
7224,Depression
17252,Normal
7346,Suicidal
44903,Depression
27875,Anxiety
506,Anxiety
37025,Normal
9531,Depression
6427,Normal
29806,Normal
32507,Anxiety
47777,Depression
3811,Normal
34752,Normal
30790,Normal
29527,Normal
38969,Depression
31138,Depression
1007,Normal
46613,Anxiety
44409,Suicidal
32615,Depression
24921,Normal
28929,Anxiety
39195,Depression
21504,Normal
39344,Anxiety
18572,Depression
47573,Depression
21026,Depression
19097,Suicidal
40129,Normal
9796,Suicidal
28843,Anxiety
43465,Depression
36479,Normal
43528,Anxiety
30576,Normal
24448,Normal
47090,Anxiety
40777,Anxiety
785,Normal
37825,Normal
21994,Depression
14134,Depression
28758,Anxiety
14478,Normal
17514,Depression
39929,Anxiety
25210,Normal
28583,Anxiety
4899,Normal
12667,Suicidal
38992,Depression
24266,Normal
124,Anxiety
7175,Suicidal
34878,Normal
31136,Depression
11127,Depression
49514,Normal
11971,Suicidal
28812,Anxiety
12112,Depression
34879,Normal
43393,Depression
45790,Normal
44888,Anxiety
23415,Normal
41149,Depression
8318,Anxiety
14131,Suicidal
47835,Anxiety
41459,Depression
33142,Normal
45810,Anxiety
38647,Depression
2975,Normal
42549,Depression
37177,Normal
31721,Depression
7660,Depression
17592,Suicidal
43179,Anxiety
26936,Normal
38590,Depression
1233,Normal
21824,Suicidal
261,Anxiety
17002,Suicidal
7167,Suicidal
47376,Suicidal
43523,Depression
2949,Normal
28390,Anxiety
39097,Anxiety
48959,Anxiety
46782,Suicidal
8966,Suicidal
39309,Anxiety
30393,Normal
5793,Normal
40430,Depression
9064,Normal
137,Anxiety
25331,Normal
44795,Anxiety
30835,Normal
34606,Normal
31194,Suicidal
46032,Normal
6921,Depression
44937,Suicidal
32509,Depression
29690,Suicidal
48984,Anxiety
47577,Anxiety
976,Normal
24751,Normal
42697,Depression
7164,Suicidal
23080,Depression
48356,Suicidal
44803,Normal
42106,Anxiety
21019,Suicidal
28559,Anxiety
20809,Depression
12170,Normal
8685,Suicidal
47023,Anxiety
41752,Suicidal
2414,Normal
4479,Normal
8001,Depression
29827,Normal
13634,Depression
4786,Normal
12634,Suicidal
30294,Suicidal
35766,Normal
11068,Depression
48766,Anxiety
45782,Suicidal
43138,Depression
25625,Normal
37294,Normal
18296,Depression
21951,Suicidal
32094,Depression
16679,Suicidal
8919,Suicidal
20216,Suicidal
44952,Anxiety
47737,Suicidal
45184,Depression
45420,Suicidal
42809,Normal
12666,Suicidal
47171,Depression
21604,Depression
19406,Suicidal
33790,Depression
12912,Suicidal
34159,Depression
4172,Normal
7640,Depression
27924,Normal
19187,Suicidal
47774,Anxiety
14558,Normal
9821,Depression
10293,Depression
12182,Suicidal
23729,Normal
49063,Depression
29029,Anxiety
39200,Anxiety
28106,Anxiety
42939,Suicidal
15877,Suicidal
45996,Suicidal
31077,Depression
24437,Normal
34837,Normal
21454,Depression
35532,Normal
16884,Suicidal
25031,Normal
31837,Depression
36298,Normal
18037,Suicidal
30422,Normal
21430,Depression
36225,Normal
22700,Depression
48651,Anxiety
17850,Suicidal
48266,Suicidal
4390,Normal
48817,Normal
13470,Suicidal
10407,Suicidal
10933,Depression
919,Normal
38472,Depression
553,Anxiety
15872,Suicidal
23445,Normal
42195,Anxiety
49195,Normal
24893,Normal
5365,Normal
10207,Depression
41364,Depression
34649,Normal
31423,Depression
14979,Depression
23608,Normal
25175,Normal
17284,Depression
38406,Depression
35254,Normal
19501,Depression
19651,Suicidal
29433,Normal
29286,Normal
47224,Anxiety
10773,Depression
47935,Depression
17795,Suicidal
5752,Normal
29706,Normal
16507,Depression
48547,Depression
31933,Anxiety
7956,Anxiety
44560,Anxiety
49316,Suicidal
45917,Depression
48331,Normal
19309,Depression
47643,Suicidal
33671,Depression
41180,Normal
29955,Normal
30541,Suicidal
42011,Depression
11494,Suicidal
33134,Normal
41248,Depression
39187,Depression
5117,Normal
20358,Depression
9979,Suicidal
16601,Suicidal
45989,Normal
49143,Depression
47484,Depression
43111,Normal
32813,Suicidal
45650,Anxiety
11281,Depression
39598,Normal
21917,Depression
45418,Depression
17916,Suicidal
15784,Depression
17933,Suicidal
300,Anxiety
42597,Anxiety
13663,Depression
32694,Depression
23488,Normal
1411,Normal
11183,Depression
456,Anxiety
46895,Anxiety
41105,Depression
27493,Normal
47675,Anxiety
15592,Normal
21239,Depression
8763,Depression
13580,Suicidal
49272,Depression
35357,Normal
46578,Suicidal
13379,Suicidal
33959,Depression
19643,Depression
26810,Normal
488,Anxiety
1069,Normal
47951,Anxiety
43704,Depression
33138,Depression
3281,Normal
33643,Depression
39172,Anxiety
40396,Depression
23176,Depression
39439,Anxiety
43087,Anxiety
37610,Normal
560,Anxiety
32824,Depression
24917,Normal
18169,Depression
48529,Normal
36509,Normal
11537,Suicidal
13179,Depression
45145,Normal
1273,Normal
45601,Depression
12329,Suicidal
11672,Suicidal
1055,Normal
18263,Suicidal
16349,Suicidal
45492,Suicidal
23184,Normal
25155,Normal
39035,Depression
28692,Anxiety
43311,Suicidal
28731,Anxiety
16734,Depression
32809,Depression
29082,Anxiety
44546,Depression
17818,Depression
1975,Normal
21141,Suicidal
11371,Depression
30186,Normal
7419,Suicidal
22670,Depression
5228,Normal
37824,Normal
20613,Suicidal
15242,Depression
40602,Anxiety
43723,Suicidal
41140,Depression
6217,Normal
9864,Suicidal
20781,Suicidal
41720,Depression
25574,Normal
26203,Normal
1104,Normal
48370,Depression
21771,Depression
7882,Suicidal
45097,Depression
5144,Normal
48147,Normal
39176,Normal
47095,Suicidal
39154,Depression
21924,Suicidal
32140,Depression
32852,Normal
8521,Suicidal
28412,Normal
14109,Suicidal
45278,Anxiety
39127,Anxiety
41955,Suicidal
20601,Suicidal
42725,Depression
35545,Normal
11977,Normal
19687,Suicidal
40969,Normal
678,Anxiety
21830,Normal
31275,Depression
16235,Suicidal
42541,Suicidal
35519,Normal
7581,Suicidal
47168,Depression
45114,Depression
14506,Depression
166,Anxiety
28275,Anxiety
38559,Depression
32530,Depression
44953,Anxiety
9088,Suicidal
6767,Depression
26215,Normal
13500,Depression
9398,Depression
264,Anxiety
46960,Anxiety
48822,Depression
46928,Anxiety
29063,Anxiety
31401,Depression
29437,Normal
11803,Normal
14429,Depression
11753,Depression
49486,Anxiety
17082,Depression
4358,Normal
46239,Anxiety
47161,Anxiety
10835,Suicidal
9544,Depression
8836,Suicidal
31527,Depression
19069,Depression
6111,Normal
37451,Normal
36703,Normal
3179,Normal
47035,Depression
20919,Suicidal
13172,Normal
22847,Normal
40510,Depression
19820,Suicidal
42579,Depression
25259,Normal
12474,Suicidal
329,Normal
43371,Depression
49078,Depression
40205,Suicidal
28922,Normal
39295,Anxiety
29430,Normal
9653,Depression
49429,Normal
46855,Normal
10850,Suicidal
46978,Suicidal
13962,Suicidal
3749,Normal
28094,Anxiety
18500,Suicidal
49315,Normal
15241,Suicidal
37674,Normal
11055,Depression
45787,Depression
46603,Depression
20160,Suicidal
44488,Suicidal
49144,Depression
21409,Suicidal
46882,Anxiety
4604,Normal
1203,Normal
8175,Depression
33635,Depression
18202,Depression
32576,Suicidal
49094,Normal
48115,Suicidal
48238,Anxiety
48396,Suicidal
39591,Anxiety
42463,Suicidal
46597,Anxiety
28438,Anxiety
16987,Suicidal
15679,Depression
37559,Normal
18518,Suicidal
40788,Depression
18586,Suicidal
4897,Normal
46883,Depression
11880,Depression
43987,Suicidal
40639,Depression
48251,Normal
24347,Normal
39770,Anxiety
29075,Anxiety
28321,Anxiety
43329,Depression
5430,Normal
5252,Normal
45123,Normal
43707,Anxiety
20453,Suicidal
33376,Depression
47158,Normal
46288,Normal
49153,Normal
16827,Depression
22718,Normal
46934,Suicidal
28973,Anxiety
27857,Anxiety
22648,Suicidal
15405,Depression
49103,Depression
32505,Depression
6474,Normal
48720,Suicidal
40803,Anxiety
46016,Normal
29413,Normal
7169,Depression
286,Anxiety
21715,Suicidal
27859,Anxiety
45407,Suicidal
39146,Anxiety
412,Anxiety
28017,Anxiety
9337,Depression
1328,Normal
28951,Anxiety
48918,Anxiety
18112,Suicidal
28095,Depression
28741,Anxiety
8324,Suicidal
39625,Anxiety
11987,Normal
10288,Suicidal
48232,Anxiety
29267,Normal
40052,Anxiety
22115,Normal
44435,Normal
24075,Normal
32719,Depression
40610,Depression
29780,Normal
48320,Suicidal
42967,Anxiety
42640,Suicidal
28157,Anxiety
3137,Normal
44123,Anxiety
23307,Normal
28291,Anxiety
27547,Normal
29242,Normal
42203,Depression
26714,Normal
5681,Normal
27504,Normal
10915,Suicidal
29097,Anxiety
34069,Depression
16990,Suicidal
43511,Anxiety
42315,Depression
22428,Normal
6701,Normal
22664,Depression
40377,Anxiety
32546,Depression
19202,Suicidal
4730,Normal
48627,Anxiety
7924,Suicidal
16485,Suicidal
28334,Anxiety
13404,Depression
15216,Suicidal
1252,Normal
18770,Suicidal
8442,Depression
20267,Suicidal
29101,Anxiety
14898,Suicidal
40576,Anxiety
15310,Suicidal
12411,Depression
11516,Depression
33299,Depression
9663,Depression
43211,Normal
28640,Anxiety
8613,Suicidal
43214,Anxiety
16156,Depression
29119,Anxiety
39913,Anxiety
21818,Depression
48699,Depression
32452,Depression
41371,Depression
31703,Depression
36508,Normal
8540,Depression
22958,Normal
11784,Depression
16277,Suicidal
45282,Suicidal
7213,Depression
9615,Normal
1485,Normal
41472,Anxiety
41386,Suicidal
48289,Suicidal
9278,Suicidal
15775,Depression
43275,Depression
7971,Suicidal
29132,Anxiety
18273,Suicidal
14474,Depression
14813,Depression
6290,Normal
28111,Anxiety
31420,Depression
2166,Normal
271,Anxiety
6698,Normal
29057,Anxiety
49433,Suicidal
37598,Normal
10516,Suicidal
40714,Anxiety
28779,Anxiety
29537,Suicidal
8431,Depression
11524,Depression
24652,Normal
39277,Normal
36621,Normal
20706,Depression
40333,Normal
13716,Depression
29411,Normal
20182,Suicidal
14638,Depression
28189,Anxiety
8356,Suicidal
11473,Suicidal
35510,Normal
14390,Suicidal
22816,Depression
47603,Depression
29465,Suicidal
34381,Normal
46391,Normal
24418,Normal
14219,Depression
44791,Depression
16732,Depression
39170,Anxiety
48340,Anxiety
16717,Depression
25857,Normal
10040,Depression
28012,Anxiety
37646,Normal
10110,Depression
16479,Suicidal
11566,Suicidal
15008,Depression
40910,Normal
20132,Suicidal
42045,Anxiety
29417,Normal
35507,Normal
39081,Depression
34995,Normal
21053,Suicidal
9416,Depression
2636,Normal
25373,Normal
29352,Depression
17312,Depression
45240,Anxiety
13832,Depression
40336,Depression
27888,Anxiety
28806,Depression
8167,Suicidal
28059,Anxiety
7815,Suicidal
14249,Depression
18855,Depression
46725,Depression
46,Anxiety
26336,Normal
27979,Normal
19232,Suicidal
2364,Normal
46837,Depression
39630,Depression
11726,Suicidal
21853,Suicidal
41981,Depression
3702,Normal
14637,Suicidal
42127,Depression
17482,Suicidal
1632,Normal
42174,Suicidal
26424,Normal
36124,Normal
12477,Depression
8794,Normal
48681,Suicidal
42793,Suicidal
3773,Normal
119,Anxiety
20274,Depression
23448,Normal
46341,Normal
30500,Normal
16093,Depression
27157,Normal
26504,Normal
588,Anxiety
6328,Normal
27907,Anxiety
27391,Normal
26128,Normal
24244,Normal
6524,Normal
4310,Normal
584,Anxiety
17733,Depression
21368,Suicidal
269,Anxiety
26787,Normal
16725,Depression
398,Normal
41789,Depression
18221,Suicidal
44162,Normal
39182,Anxiety
11321,Suicidal
47517,Depression
32139,Depression
26669,Normal
21268,Depression
7808,Depression
49383,Normal
40459,Anxiety
47830,Depression
39640,Depression
39231,Anxiety
47295,Suicidal
16465,Suicidal
1508,Normal
85,Anxiety
41289,Suicidal
30656,Suicidal
40088,Anxiety
38515,Suicidal
49458,Depression
37067,Normal
10183,Depression
372,Anxiety
19689,Depression
24038,Normal
47662,Normal
19938,Depression
1248,Normal
4955,Normal
7841,Depression
16398,Depression
36347,Normal
23152,Normal
30458,Suicidal
19706,Depression
18175,Depression
20033,Depression
43597,Anxiety
23857,Normal
29821,Suicidal
37178,Normal
23856,Normal
14392,Depression
9599,Suicidal
35320,Normal
19664,Depression
47015,Suicidal
27860,Anxiety
9857,Depression
5406,Normal
19829,Depression
12496,Depression
35829,Normal
28494,Anxiety
20887,Suicidal
47510,Normal
46060,Suicidal
20409,Depression
45379,Normal
7271,Depression
39053,Depression
34119,Depression
38801,Normal
39750,Normal
36837,Normal
38338,Depression
29100,Anxiety
10870,Suicidal
27903,Anxiety
8553,Suicidal
13774,Suicidal
41532,Depression
45421,Suicidal
19281,Suicidal
43741,Normal
23985,Suicidal
47064,Normal
30387,Normal
48501,Anxiety
46424,Anxiety
29243,Anxiety
625,Anxiety
44647,Anxiety
490,Normal
49178,Suicidal
28584,Anxiety
33399,Depression
5558,Normal
44453,Anxiety
16982,Suicidal
26063,Normal
28297,Anxiety
28134,Anxiety
48779,Suicidal
6547,Normal
34720,Normal
40471,Anxiety
2584,Normal
40374,Suicidal
32165,Depression
7532,Depression
18631,Suicidal
14811,Normal
33479,Depression
47166,Suicidal
49438,Depression
15207,Suicidal
39874,Anxiety
45737,Depression
27143,Normal
2804,Normal
19512,Normal
45812,Anxiety
176,Normal
6277,Normal
28031,Anxiety
13552,Suicidal
259,Anxiety
19626,Suicidal
43781,Normal
24723,Normal
3330,Normal
49407,Anxiety
28039,Anxiety
8317,Depression
23239,Normal
28944,Anxiety
20107,Suicidal
26141,Normal
29254,Anxiety
43389,Depression
2879,Normal
15884,Suicidal
44558,Suicidal
14322,Suicidal
25624,Normal
17578,Normal
17130,Normal
10543,Depression
30232,Normal
14488,Depression
31523,Depression
10395,Depression
39801,Anxiety
36853,Normal
27082,Normal
9612,Suicidal
32483,Anxiety
44990,Anxiety
21605,Suicidal
48998,Anxiety
28815,Anxiety
25308,Normal
43102,Anxiety
41710,Suicidal
41558,Suicidal
145,Anxiety
34931,Normal
6950,Depression
19026,Suicidal
16516,Depression
40658,Depression
13492,Suicidal
8121,Depression
18721,Suicidal
39317,Depression
38529,Depression
36471,Normal
11608,Suicidal
17529,Depression
38021,Normal
41709,Depression
579,Anxiety
22672,Suicidal
19916,Suicidal
20445,Depression
40550,Depression
13712,Depression
27573,Normal
18502,Depression
27995,Anxiety
33666,Depression
34907,Normal
21127,Suicidal
19141,Suicidal
18588,Depression
21981,Suicidal
28573,Normal
16581,Suicidal
15840,Suicidal
48074,Anxiety
23189,Normal
2092,Normal
41188,Suicidal
19167,Depression
38792,Suicidal
39661,Anxiety
43397,Depression
40829,Anxiety
21635,Depression
44726,Suicidal
35486,Depression
17556,Suicidal
36677,Normal
39904,Anxiety
8765,Normal
40176,Depression
34874,Normal
44589,Anxiety
5292,Normal
11827,Suicidal
40312,Depression
23240,Normal
42334,Anxiety
8902,Suicidal
633,Anxiety
41344,Suicidal
718,Normal
44626,Anxiety
32568,Depression
40293,Suicidal
817,Normal
26270,Normal
16514,Depression
23461,Normal
31692,Depression
7322,Normal
3619,Normal
24862,Normal
39212,Anxiety
15940,Suicidal
49412,Suicidal
30646,Normal
44180,Depression
25771,Normal
425,Anxiety
30334,Normal
46791,Anxiety
33341,Normal
47934,Suicidal
22120,Depression
32282,Depression
41427,Anxiety
41434,Depression
40870,Suicidal
43563,Anxiety
23571,Normal
46932,Suicidal
19377,Suicidal
20842,Depression
8018,Depression
33064,Depression
142,Anxiety
7628,Normal
45699,Normal
19865,Depression
33903,Depression
43268,Normal
23535,Anxiety
8075,Suicidal
39539,Anxiety
10953,Suicidal
1578,Normal
28207,Normal
28198,Normal
33103,Suicidal
22395,Suicidal
36449,Normal
39715,Anxiety
10355,Anxiety
23112,Normal
46873,Suicidal
35419,Normal
33372,Depression
39461,Depression
26014,Normal
11344,Suicidal
23647,Normal
43663,Normal
48117,Depression
5883,Normal
12251,Depression
29833,Normal
17506,Normal
41650,Normal
44308,Depression
9362,Suicidal
39540,Anxiety
3443,Normal
23912,Normal
35160,Normal
20243,Suicidal
25121,Normal
44303,Normal
29642,Suicidal
30580,Normal
48235,Depression
29410,Normal
15157,Suicidal
18846,Suicidal
47970,Depression
43366,Anxiety
28276,Anxiety
34565,Normal
4980,Normal
25077,Normal
42770,Anxiety
63,Anxiety
13054,Depression
47370,Depression
39714,Anxiety
32906,Depression
29154,Anxiety
314,Anxiety
4737,Normal
26362,Normal
27176,Normal
21696,Suicidal
2897,Normal
11150,Suicidal
9966,Suicidal
14624,Depression
41651,Anxiety
3105,Normal
39677,Anxiety
22161,Suicidal
18352,Suicidal
28326,Anxiety
21398,Suicidal
42882,Suicidal
32744,Depression
10826,Normal
40809,Anxiety
450,Normal
15019,Depression
5757,Normal
22090,Suicidal
252,Anxiety
25796,Normal
45797,Anxiety
29061,Normal
25232,Normal
40887,Anxiety
33005,Depression
13842,Depression
2033,Normal
8645,Suicidal
19657,Depression
10243,Depression
46905,Suicidal
35295,Normal
690,Anxiety
48409,Suicidal
13033,Suicidal
1005,Normal
4988,Normal
30662,Suicidal
37917,Normal
27845,Anxiety
39651,Depression
48268,Depression
32257,Depression
44992,Depression
29264,Anxiety
14848,Depression
44431,Anxiety
40067,Normal
5795,Normal
11535,Suicidal
18489,Depression
9063,Depression
25516,Normal
320,Anxiety
36787,Normal
14461,Depression
15737,Normal
16227,Suicidal
33827,Depression
42103,Suicidal
19574,Depression
27396,Normal
28553,Anxiety
29699,Normal
40272,Normal
15456,Depression
37188,Normal
22614,Depression
6027,Normal
35065,Normal
11591,Normal
42789,Depression
25049,Normal
47568,Anxiety
4595,Normal
22583,Depression
8568,Depression
48227,Suicidal
6043,Normal
35892,Normal
40482,Suicidal
17736,Depression
32633,Depression
395,Anxiety
28965,Anxiety
24836,Normal
30971,Normal
26535,Normal
21429,Suicidal
238,Anxiety
4874,Normal
20580,Depression
12967,Normal
104,Anxiety
6542,Normal
40605,Normal
4837,Normal
27976,Anxiety
35430,Normal
38387,Depression
39093,Depression
23630,Suicidal
7026,Suicidal
47530,Anxiety
28927,Anxiety
35063,Normal
4519,Normal
44928,Normal
16560,Depression
44364,Depression
4916,Normal
29595,Normal
12242,Depression
43610,Suicidal
8028,Depression
5649,Normal
25949,Normal
31504,Depression
16847,Suicidal
28643,Normal
34898,Normal
16492,Suicidal
17429,Suicidal
45742,Depression
23836,Normal
42141,Anxiety
17918,Suicidal
43306,Suicidal
41737,Depression
43629,Normal
22109,Depression
28273,Anxiety
28934,Anxiety
45372,Depression
43765,Depression
19861,Depression
11772,Suicidal
47285,Anxiety
18475,Suicidal
22885,Normal
323,Anxiety
18644,Depression
10637,Suicidal
41578,Suicidal
45469,Suicidal
42100,Anxiety
8611,Depression
15704,Depression
29773,Suicidal
42670,Anxiety
15274,Depression
30661,Normal
35853,Normal
30587,Normal
17872,Suicidal
41242,Depression
21531,Suicidal
33641,Depression
31861,Depression
48284,Suicidal
15450,Suicidal
33758,Depression
11323,Depression
44694,Depression
30223,Normal
26099,Normal
17563,Normal
27372,Normal
25675,Normal
18285,Depression
38286,Suicidal
10756,Normal
4942,Normal
43524,Anxiety
9525,Depression
22917,Normal
15630,Suicidal
28526,Anxiety
29801,Suicidal
720,Anxiety
40839,Anxiety
7551,Suicidal
39361,Anxiety
34630,Normal
19308,Anxiety
7071,Depression
16145,Suicidal
43914,Suicidal
39273,Anxiety
46940,Depression
12243,Depression
23271,Normal
10643,Depression
10883,Depression
49038,Depression
37058,Normal
22279,Depression
47582,Depression
29348,Normal
14015,Depression
14683,Suicidal
47728,Depression
29917,Normal
43140,Suicidal
46889,Suicidal
32904,Depression
39303,Anxiety
44739,Depression
13012,Suicidal
29986,Normal
1050,Normal
15888,Suicidal
46462,Depression
39609,Depression
24576,Normal
12705,Depression
203,Anxiety
22191,Depression
28807,Anxiety
12689,Suicidal
39118,Anxiety
31302,Suicidal
26249,Normal
9850,Depression
35626,Normal
9041,Suicidal
13910,Depression
24887,Normal
17803,Depression
23615,Normal
33100,Depression
21919,Depression
14998,Suicidal
45111,Anxiety
43075,Anxiety
10650,Depression
15200,Suicidal
41600,Suicidal
28206,Anxiety
15156,Suicidal
27239,Normal
28535,Anxiety
46268,Depression
46531,Suicidal
35352,Normal
30012,Suicidal
14576,Depression
23944,Normal
17039,Depression
28080,Anxiety
35414,Normal
10671,Suicidal
38094,Normal
12409,Suicidal
41769,Normal
16404,Suicidal
15473,Depression
26529,Normal
31989,Anxiety
20681,Suicidal
46219,Anxiety
9313,Depression
48653,Suicidal
36694,Normal
38506,Depression
36367,Normal
33092,Depression
13879,Suicidal
45437,Depression
38125,Normal
31749,Depression
955,Normal
8967,Suicidal
18462,Suicidal
2649,Normal
38724,Depression
11193,Depression
39571,Anxiety
7670,Depression
23017,Suicidal
41177,Anxiety
5538,Normal
3667,Normal
38479,Depression
11282,Suicidal
30005,Normal
10582,Suicidal
25502,Normal
7792,Depression
46373,Anxiety
49546,Anxiety
20725,Depression
28161,Anxiety
48176,Suicidal
10988,Depression
37582,Normal
40429,Normal
16583,Anxiety
6905,Suicidal
19371,Depression
41345,Suicidal
49507,Depression
8123,Suicidal
48000,Normal
45494,Normal
43816,Normal
49361,Anxiety
38452,Suicidal
46631,Anxiety
48181,Suicidal
17373,Depression
16625,Suicidal
39605,Anxiety
28417,Anxiety
43605,Suicidal
28383,Anxiety
23853,Normal
25314,Normal
28655,Anxiety
27694,Normal
41896,Depression
22898,Normal
6615,Normal
11799,Depression
27579,Normal
40196,Depression
40058,Depression
37101,Normal
4082,Normal
22180,Depression
43855,Normal
4656,Normal
42457,Depression
21724,Suicidal
28474,Anxiety
16498,Normal
37276,Depression
39562,Anxiety
35441,Normal
21070,Suicidal
24888,Normal
32695,Suicidal
17051,Anxiety
26020,Normal
17028,Suicidal
43282,Normal
45760,Depression
27287,Normal
14735,Depression
18483,Suicidal
33505,Depression
15015,Depression
8337,Suicidal
27835,Anxiety
47401,Normal
22267,Depression
30540,Normal
22320,Suicidal
4055,Normal
8638,Suicidal
22457,Suicidal
40932,Suicidal
3786,Normal
33422,Depression
36790,Normal
5646,Normal
13351,Depression
11047,Suicidal
46690,Anxiety
4943,Normal
29511,Normal
36173,Normal
34396,Normal
5955,Normal
39827,Anxiety
6600,Normal
12517,Normal
45286,Anxiety
2247,Normal
20941,Normal
483,Anxiety
22346,Suicidal
41314,Anxiety
46362,Depression
26695,Normal
28694,Anxiety
653,Anxiety
19342,Anxiety
9598,Suicidal
41111,Suicidal
17402,Suicidal
12288,Normal
34126,Depression
27585,Normal
9436,Suicidal
17349,Depression
26762,Normal
29344,Normal
12599,Suicidal
44821,Suicidal
8516,Depression
7997,Normal
36138,Normal
24941,Normal
13281,Depression
1161,Normal
31511,Depression
15343,Suicidal
10426,Depression
45107,Anxiety
26808,Normal
42870,Normal
28825,Anxiety
19638,Suicidal
30602,Normal
39163,Anxiety
20158,Depression
29010,Depression
28204,Anxiety
17353,Suicidal
1631,Normal
40180,Depression
28324,Anxiety
9465,Suicidal
21298,Depression
44844,Depression
6913,Suicidal
31954,Depression
6353,Normal
47750,Anxiety
40623,Normal
39501,Depression
43960,Suicidal
12159,Suicidal
19536,Suicidal
39197,Anxiety
41785,Normal
27083,Normal
29121,Anxiety
45815,Suicidal
47201,Depression
8886,Depression
47214,Anxiety
9779,Suicidal
9956,Depression
8401,Normal
16806,Normal
3312,Normal
16872,Depression
14659,Depression
31808,Depression
19784,Suicidal
40722,Anxiety
5578,Normal
34328,Depression
39824,Suicidal
10824,Normal
20128,Depression
32631,Depression
24265,Normal
47669,Depression
27059,Normal
4397,Normal
21222,Suicidal
16484,Suicidal
11209,Suicidal
39979,Anxiety
30919,Normal
12527,Depression
9731,Suicidal
48290,Suicidal
33930,Depression
33656,Depression
33226,Suicidal
8870,Depression
16554,Suicidal
44341,Depression
3608,Normal
22130,Suicidal
29106,Anxiety
44055,Normal
20437,Suicidal
4805,Normal
35964,Normal
44979,Depression
31555,Depression
12279,Normal
14828,Suicidal
43086,Suicidal
46282,Normal
46909,Depression
26222,Normal
3477,Normal
48524,Suicidal
29131,Anxiety
7311,Depression
39466,Suicidal
43703,Normal
41800,Suicidal
10308,Suicidal
39452,Depression
18768,Depression
45909,Anxiety
7514,Normal
13335,Suicidal
21301,Suicidal
43909,Suicidal
2724,Normal
27632,Normal
13775,Depression
14428,Suicidal
45869,Depression
28689,Anxiety
21266,Suicidal
662,Anxiety
28058,Anxiety
16369,Depression
41078,Depression
4791,Normal
27463,Normal
17832,Depression
152,Anxiety
28595,Anxiety
10155,Normal
16844,Suicidal
34555,Normal
35069,Normal
714,Anxiety
19413,Depression
16112,Suicidal
43091,Depression
3194,Normal
31816,Anxiety
39450,Anxiety
545,Anxiety
20057,Suicidal
11554,Depression
28251,Anxiety
23430,Normal
6659,Normal
28717,Anxiety
29161,Anxiety
44452,Anxiety
18163,Suicidal
183,Anxiety
13134,Depression
14608,Depression
28261,Anxiety
601,Anxiety
28413,Anxiety
45640,Suicidal
8351,Depression
18371,Suicidal
47033,Depression
345,Normal
14535,Suicidal
32953,Suicidal
29108,Anxiety
46485,Anxiety
27685,Normal
1666,Normal
20284,Suicidal
20175,Depression
29610,Normal
29134,Anxiety
11223,Suicidal
42997,Depression
35468,Normal
17694,Suicidal
15045,Suicidal
41330,Depression
4774,Normal
240,Anxiety
32996,Depression
8773,Depression
2671,Normal
46607,Depression
49537,Normal
25152,Normal
23956,Normal
42408,Anxiety
18719,Normal
39541,Depression
40185,Suicidal
5673,Normal
36397,Normal
787,Normal
15845,Suicidal
46832,Suicidal
45330,Depression
11521,Suicidal
46503,Normal
29916,Suicidal
10537,Suicidal
48092,Anxiety
21700,Suicidal
12098,Depression
7647,Depression
36785,Normal
40620,Suicidal
28665,Anxiety
47227,Depression
21196,Suicidal
8921,Suicidal
5713,Normal
21307,Depression
25176,Normal
15404,Depression
23819,Normal
39751,Anxiety
41563,Suicidal
46513,Anxiety
8748,Depression
13311,Depression
46639,Suicidal
44480,Depression
7625,Suicidal
16443,Depression
29440,Normal
3387,Normal
5112,Normal
871,Normal
28889,Anxiety
49034,Anxiety
39761,Anxiety
49295,Suicidal
16278,Depression
16304,Depression
39602,Anxiety
7666,Depression
29023,Anxiety
42804,Normal
26298,Normal
28677,Anxiety
8863,Depression
11539,Depression
630,Anxiety
45267,Depression
20061,Depression
23470,Normal
4936,Normal
28676,Anxiety
28038,Depression
38078,Normal
31389,Depression
24501,Normal
9459,Suicidal
22906,Normal
5909,Normal
44619,Anxiety
14407,Depression
18438,Depression
17513,Depression
16311,Depression
27407,Normal
48371,Anxiety
11174,Depression
8462,Depression
24557,Normal
28513,Anxiety
29273,Normal
48724,Anxiety
49052,Suicidal
13964,Depression
122,Anxiety
48348,Depression
41977,Normal
36313,Normal
12658,Depression
19623,Depression
3022,Normal
21928,Suicidal
45346,Normal
8961,Suicidal
39550,Anxiety
8595,Depression
43896,Normal
22183,Suicidal
43510,Anxiety
41750,Normal
40869,Depression
36540,Normal
38419,Depression
47857,Depression
24152,Normal
44797,Suicidal
7793,Suicidal
9643,Suicidal
4960,Normal
33855,Depression
40186,Normal
14804,Suicidal
19611,Depression
20593,Suicidal
43062,Anxiety
39150,Anxiety
47566,Suicidal
29840,Suicidal
27760,Normal
9271,Normal
46356,Anxiety
9577,Depression
28958,Anxiety
28138,Anxiety
33869,Depression
26331,Normal
46804,Depression
42445,Anxiety
21162,Suicidal
33261,Depression
27937,Depression
7202,Depression
4690,Normal
2730,Normal
27554,Normal
27078,Normal
24270,Normal
5241,Normal
39472,Anxiety
9847,Suicidal
42390,Depression
37914,Normal
8183,Normal
39644,Depression
35241,Normal
41920,Depression
24905,Normal
16971,Suicidal
42350,Depression
40775,Anxiety
7155,Suicidal
11743,Depression
19659,Depression
13721,Depression
40076,Depression
33700,Depression
7823,Suicidal
33598,Depression
40891,Depression
14234,Depression
48352,Normal
38415,Depression
18953,Normal
10595,Depression
40193,Normal
1466,Normal
27885,Anxiety
26802,Normal
41200,Depression
46120,Depression
28945,Anxiety
24091,Normal
27974,Anxiety
42757,Anxiety
37749,Normal
21448,Suicidal
28778,Normal
14945,Suicidal
23332,Normal
7642,Depression
7671,Depression
15981,Suicidal
15361,Suicidal
30882,Normal
40415,Normal
46307,Anxiety
19936,Depression
818,Normal
20485,Suicidal
29201,Normal
9217,Depression
12560,Suicidal
6319,Normal
17789,Suicidal
22127,Suicidal
55,Anxiety
36759,Normal
2203,Normal
5976,Normal
10555,Depression
42454,Suicidal
32117,Depression
27782,Normal
14386,Anxiety
8247,Normal
43150,Depression
17911,Depression
1342,Normal
37705,Normal
40924,Depression
22462,Suicidal
20184,Suicidal
3585,Normal
868,Normal
14360,Depression
21972,Suicidal
28733,Anxiety
1622,Normal
13271,Suicidal
39779,Anxiety
32256,Depression
34064,Depression
49292,Anxiety
9922,Suicidal
42139,Suicidal
17311,Suicidal
28915,Anxiety
32461,Depression
18126,Suicidal
17670,Depression
12244,Suicidal
29208,Anxiety
39669,Depression
43548,Depression
28586,Anxiety
22570,Normal
35812,Normal
17543,Suicidal
48393,Anxiety
14509,Suicidal
48061,Suicidal
27982,Anxiety
32699,Depression
28519,Anxiety
36739,Normal
49147,Suicidal
12469,Suicidal
48733,Anxiety
26949,Normal
43754,Suicidal
29936,Normal
49462,Anxiety
47298,Suicidal
10385,Normal
1402,Normal
38128,Normal
21326,Depression
42985,Depression
11831,Suicidal
39654,Anxiety
33837,Depression
6450,Normal
285,Anxiety
44951,Suicidal
46975,Suicidal
46988,Depression
36658,Normal
23148,Normal
30494,Suicidal
23982,Normal
43736,Anxiety
991,Normal
303,Anxiety
24362,Normal
30931,Suicidal
39156,Anxiety
47390,Anxiety
19437,Depression
27711,Normal
5287,Normal
25725,Normal
38430,Suicidal
9110,Suicidal
44678,Suicidal
16128,Suicidal
33101,Depression
14840,Depression
9421,Suicidal
10051,Suicidal
2347,Normal
43917,Normal
43293,Depression
44765,Normal
8323,Depression
36573,Normal
17135,Suicidal
20657,Suicidal
18103,Depression
18062,Normal
469,Anxiety
28820,Anxiety
43875,Normal
48864,Suicidal
40218,Anxiety
27349,Normal
29110,Anxiety
47729,Depression
33131,Depression
8659,Depression
11686,Normal
14074,Depression
1924,Normal
17121,Depression
7717,Depression
11275,Depression
10093,Depression
25320,Normal
42989,Anxiety
5242,Normal
46897,Anxiety
38040,Normal
34531,Normal
38257,Depression
36488,Normal
609,Anxiety
41500,Depression
47371,Normal
6904,Depression
44835,Depression
16671,Suicidal
46710,Anxiety
9947,Suicidal
8544,Normal
2610,Normal
43459,Suicidal
15293,Suicidal
45883,Normal
33311,Depression
5285,Normal
11873,Suicidal
39467,Anxiety
21210,Normal
4024,Normal
1065,Normal
46740,Anxiety
13039,Suicidal
40798,Anxiety
16358,Depression
46155,Depression
30972,Normal
28145,Anxiety
823,Normal
33065,Depression
49100,Depression
158,Anxiety
43790,Depression
21160,Suicidal
21039,Suicidal
8033,Suicidal
4258,Normal
40243,Normal
27058,Normal
39256,Anxiety
39255,Anxiety
39860,Anxiety
28047,Anxiety
3809,Normal
21775,Suicidal
17052,Depression
21899,Suicidal
17561,Depression
15898,Suicidal
38779,Depression
28395,Anxiety
40806,Anxiety
268,Anxiety
26617,Anxiety
16293,Suicidal
20862,Suicidal
49482,Anxiety
23961,Depression
11060,Suicidal
10798,Depression
16080,Suicidal
16852,Depression
49030,Anxiety
8878,Normal
38602,Depression
1246,Normal
39438,Depression
24228,Normal
5688,Normal
29723,Suicidal
7334,Suicidal
25028,Normal
21757,Depression
25029,Normal
34357,Normal
48351,Anxiety
1224,Normal
11859,Suicidal
33224,Suicidal
21759,Depression
42170,Depression
48337,Normal
42982,Anxiety
14221,Depression
39709,Normal
42895,Anxiety
47508,Anxiety
42267,Suicidal
7291,Depression
17034,Depression
38924,Depression
8727,Depression
4612,Normal
16579,Depression
47677,Anxiety
37491,Normal
60,Anxiety
39686,Anxiety
41253,Suicidal
351,Anxiety
33153,Suicidal
38851,Depression
45911,Suicidal
40164,Suicidal
19221,Depression
21064,Depression
49333,Suicidal
33081,Depression
19704,Suicidal
15904,Depression
39964,Anxiety
31489,Normal
27207,Normal
28641,Anxiety
4811,Normal
44083,Anxiety
17341,Depression
32703,Depression
44982,Depression
31157,Normal
9791,Depression
31446,Depression
43546,Normal
19567,Normal
30970,Normal
9065,Suicidal
29135,Anxiety
13043,Depression
14562,Suicidal
40937,Suicidal
12487,Depression
30135,Suicidal
17400,Suicidal
29225,Anxiety
21041,Suicidal
5384,Normal
14516,Suicidal
45203,Suicidal
17863,Suicidal
28389,Anxiety
27464,Normal
45931,Depression
47165,Anxiety
38990,Depression
11856,Depression
8395,Depression
1741,Normal
12313,Suicidal
28500,Anxiety
13376,Suicidal
24056,Normal
19162,Suicidal
12263,Suicidal
34605,Normal
14184,Depression
97,Anxiety
15455,Depression
13046,Normal
48885,Anxiety
31258,Depression
38426,Depression
36490,Normal
583,Anxiety
46272,Normal
22775,Suicidal
42484,Anxiety
19925,Suicidal
37206,Normal
31392,Depression
44976,Anxiety
39473,Normal
40071,Depression
45804,Suicidal
39977,Anxiety
30100,Normal
30497,Normal
42238,Depression
12480,Suicidal
26683,Normal
7855,Suicidal
48459,Suicidal
37433,Normal
30429,Normal
18046,Suicidal
13265,Suicidal
2098,Normal
21550,Suicidal
28570,Normal
69,Anxiety
12179,Normal
47537,Suicidal
44600,Depression
19178,Normal
746,Normal
3082,Normal
13582,Suicidal
40641,Depression
12730,Suicidal
35904,Normal
40962,Suicidal
31658,Suicidal
38065,Normal
39508,Anxiety
17526,Depression
42092,Normal
28479,Anxiety
32781,Suicidal
25062,Normal
14896,Suicidal
8687,Depression
45638,Depression
17942,Suicidal
8354,Suicidal
32170,Anxiety
2272,Normal
3397,Normal
42740,Anxiety
15162,Normal
42742,Anxiety
45759,Normal
31668,Depression
8073,Normal
30889,Normal
28737,Depression
30955,Normal
39780,Anxiety
1232,Normal
6349,Normal
275,Normal
36905,Normal
41432,Anxiety
46661,Anxiety
27900,Anxiety
37291,Normal
41375,Depression
26493,Normal
437,Anxiety
10433,Anxiety
10692,Depression
35489,Normal
48353,Anxiety
35594,Normal
14778,Suicidal
43767,Suicidal
40012,Anxiety
28539,Anxiety
28401,Normal
33119,Depression
8171,Suicidal
307,Anxiety
42414,Suicidal
28819,Anxiety
11847,Depression
14721,Suicidal
22448,Suicidal
28542,Anxiety
385,Normal
48665,Depression
19524,Suicidal
16413,Suicidal
17086,Depression
35957,Normal
31706,Depression
44716,Depression
43404,Depression
30408,Normal
48700,Normal
11191,Suicidal
43133,Anxiety
42204,Depression
31572,Normal
27448,Normal
28777,Anxiety
29858,Normal
14250,Suicidal
16218,Normal
39922,Anxiety
25890,Normal
28027,Anxiety
45343,Normal
44915,Normal
26553,Normal
6341,Normal
28082,Anxiety
33313,Depression
21182,Suicidal
27956,Normal
15595,Suicidal
11530,Depression
11103,Suicidal
49347,Suicidal
39385,Anxiety
41065,Anxiety
1787,Normal
37659,Normal
12618,Suicidal
5004,Normal
72,Anxiety
17094,Suicidal
40733,Normal
325,Anxiety
46775,Depression
47585,Anxiety
22817,Suicidal
4288,Normal
25313,Normal
87,Anxiety
19737,Suicidal
3293,Normal
10411,Suicidal
48482,Suicidal
27993,Anxiety
28055,Anxiety
41684,Normal
46058,Suicidal
18810,Suicidal
19040,Depression
31285,Depression
11195,Suicidal
361,Normal
40349,Anxiety
29179,Anxiety
37083,Normal
22489,Depression
28690,Depression
33374,Depression
15866,Suicidal
25247,Normal
32828,Depression
5457,Normal
16439,Depression
46469,Suicidal
5901,Normal
29599,Normal
4639,Normal
27933,Anxiety
48650,Normal
16602,Suicidal
39557,Anxiety
698,Anxiety
33526,Depression
24369,Normal
27909,Anxiety
9609,Suicidal
38519,Depression
27429,Normal
33465,Depression
8402,Normal
29828,Suicidal
34763,Normal
9691,Suicidal
1299,Normal
18082,Suicidal
29885,Suicidal
10907,Suicidal
16810,Anxiety
11418,Depression
24623,Normal
16994,Depression
48752,Normal
45265,Suicidal
46541,Suicidal
11749,Suicidal
34865,Normal
18208,Depression
29837,Normal
17113,Suicidal
11804,Suicidal
43879,Normal
28339,Anxiety
26681,Normal
20616,Depression
43127,Suicidal
44955,Normal
9507,Suicidal
22950,Normal
20112,Suicidal
40454,Depression
8797,Suicidal
10447,Depression
40011,Anxiety
17163,Depression
18186,Depression
28639,Anxiety
16426,Suicidal
26365,Normal
10436,Suicidal
47137,Depression
46310,Suicidal
49109,Anxiety
21831,Suicidal
25178,Normal
46819,Depression
11109,Suicidal
26265,Normal
48634,Depression
25446,Normal
32372,Anxiety
3709,Normal
30848,Suicidal
6141,Normal
36429,Normal
26962,Normal
1414,Normal
15707,Suicidal
39894,Anxiety
22104,Suicidal
6407,Normal
6959,Suicidal
7937,Depression
27024,Normal
29205,Anxiety
15764,Depression
26398,Normal
9642,Depression
14697,Suicidal
28714,Anxiety
6824,Depression
44704,Depression
39729,Anxiety
21802,Suicidal
514,Anxiety
26189,Normal
27093,Normal
12412,Normal
6772,Depression
24610,Normal
6256,Normal
39835,Anxiety
21095,Depression
46617,Suicidal
39340,Anxiety
8889,Depression
726,Anxiety
37774,Normal
28852,Anxiety
28954,Anxiety
36779,Normal
43819,Anxiety
40681,Anxiety
28406,Anxiety
48511,Depression
22761,Depression
36956,Normal
13915,Depression
28765,Anxiety
12868,Suicidal
21427,Depression
32031,Anxiety
6876,Suicidal
27921,Anxiety
10616,Suicidal
33623,Depression
11246,Normal
39915,Anxiety
15284,Depression
997,Normal
22373,Suicidal
36277,Normal
5220,Normal
41093,Normal
44317,Normal
44223,Anxiety
566,Anxiety
3829,Normal
22543,Suicidal
22890,Normal
21707,Depression
49416,Suicidal
44051,Normal
48768,Depression
37785,Normal
36052,Depression
18470,Suicidal
40391,Depression
6317,Normal
23396,Depression
28191,Normal
21576,Suicidal
12752,Depression
17777,Suicidal
22566,Depression
20774,Depression
5862,Normal
16633,Depression
33826,Depression
43870,Depression
32527,Anxiety
28378,Anxiety
1539,Normal
39312,Depression
37938,Normal
31544,Depression
11148,Suicidal
25938,Normal
32217,Depression
12621,Depression
39058,Depression
28931,Anxiety
6778,Depression
16660,Suicidal
1824,Normal
14887,Suicidal
2763,Normal
14849,Suicidal
38346,Depression
43823,Suicidal
27891,Normal
33569,Depression
46489,Normal
41259,Anxiety
21165,Suicidal
38044,Normal
43865,Suicidal
40794,Suicidal
15916,Suicidal
7684,Normal
32152,Anxiety
18040,Depression
14748,Depression
41008,Depression
1928,Normal
317,Anxiety
6221,Normal
42398,Depression
28227,Depression
16027,Depression
47199,Anxiety
19018,Suicidal
12092,Depression
5089,Normal
48954,Depression
36002,Normal
22681,Suicidal
476,Normal
44712,Depression
28614,Anxiety
22118,Suicidal
34518,Normal
28702,Anxiety
10873,Suicidal
24459,Normal
22264,Depression
48408,Anxiety
37783,Normal
9192,Depression
31794,Depression
2396,Normal
25769,Normal
27305,Normal
27968,Anxiety
5861,Normal
29155,Anxiety
7508,Normal
26137,Normal
9799,Suicidal
7238,Depression
257,Anxiety
17256,Suicidal
41803,Anxiety
7951,Depression
46870,Anxiety
34323,Normal
22945,Normal
48567,Suicidal
38684,Suicidal
37099,Normal
25535,Normal
4963,Normal
4424,Normal
31386,Depression
10033,Suicidal
20732,Depression
42816,Depression
40582,Normal
29257,Anxiety
9727,Suicidal
9001,Suicidal
21665,Depression
48062,Anxiety
11802,Suicidal
27837,Anxiety
41523,Suicidal
37438,Normal
41460,Normal
28506,Anxiety
3028,Normal
2116,Normal
26246,Normal
17945,Suicidal
7008,Depression
35107,Normal
6563,Normal
17573,Depression
20185,Suicidal
38605,Depression
30513,Suicidal
36774,Normal
45512,Suicidal
39896,Anxiety
35644,Normal
36321,Normal
29160,Anxiety
40684,Depression
39321,Anxiety
45880,Depression
35385,Normal
21953,Suicidal
17447,Suicidal
27660,Normal
46481,Suicidal
30962,Depression
39711,Anxiety
48716,Suicidal
14212,Depression
21805,Suicidal
577,Anxiety
20310,Normal
27277,Normal
15638,Suicidal
41055,Anxiety
17975,Depression
5183,Normal
34789,Normal
38709,Depression
27994,Anxiety
35050,Normal
36830,Normal
17068,Suicidal
14290,Suicidal
42427,Suicidal
12274,Depression
319,Normal
5551,Normal
31070,Depression
48156,Suicidal
15821,Depression
32786,Depression
43475,Depression
21957,Depression
18077,Depression
39381,Depression
44763,Depression
13769,Suicidal
6897,Suicidal
41809,Anxiety
40442,Suicidal
34746,Normal
5053,Normal
35609,Normal
39300,Anxiety
12641,Suicidal
40004,Anxiety
42778,Depression
9800,Suicidal
17847,Depression
1535,Normal
3156,Normal
47868,Anxiety
127,Suicidal
3364,Normal
40835,Anxiety
175,Anxiety
27535,Normal
15114,Depression
11044,Normal
14189,Depression
40314,Anxiety
15530,Depression
28369,Anxiety
36888,Normal
23644,Normal
10344,Suicidal
12131,Suicidal
27684,Normal
41557,Anxiety
21966,Suicidal
23990,Normal
20046,Depression
40992,Suicidal
32148,Depression
34288,Depression
23287,Normal
39790,Depression
29164,Anxiety
33116,Depression
41103,Normal
21273,Suicidal
8669,Depression
44646,Suicidal
46670,Suicidal
28967,Anxiety
16762,Depression
6941,Depression
33408,Depression
33381,Depression
40038,Suicidal
43197,Suicidal
45118,Suicidal
23592,Normal
45037,Suicidal
21357,Depression
4177,Normal
45074,Suicidal
27842,Anxiety
39950,Anxiety
46207,Anxiety
20209,Depression
21579,Depression
29223,Anxiety
6760,Suicidal
39684,Depression
22563,Suicidal
28898,Anxiety
150,Anxiety
44338,Normal
33853,Depression
41569,Normal
34656,Normal
20604,Suicidal
30795,Suicidal
47506,Anxiety
2890,Normal
15290,Depression
40366,Suicidal
39419,Anxiety
7374,Depression
3539,Normal
46825,Depression
39808,Anxiety
24274,Normal
40978,Anxiety
46437,Depression
47794,Depression
6124,Normal
33927,Depression
7406,Suicidal
44167,Normal
32198,Depression
29525,Normal
17020,Depression
7742,Suicidal
23383,Normal
32176,Anxiety
11590,Normal
37072,Normal
25346,Normal
49310,Anxiety
29093,Anxiety
30706,Normal
36285,Normal
34262,Depression
17737,Depression
44000,Depression
48987,Depression
37788,Normal
43660,Normal
46119,Suicidal
7770,Suicidal
31883,Anxiety
6720,Normal
1285,Normal
47499,Normal
36641,Normal
20119,Suicidal
7413,Suicidal
15963,Suicidal
6669,Normal
5968,Normal
10421,Suicidal
31354,Depression
44608,Suicidal
14285,Depression
6031,Normal
43322,Normal
19600,Depression
27897,Anxiety
196,Normal
18142,Depression
3290,Normal
19303,Depression
46843,Suicidal
28101,Anxiety
41313,Depression
17995,Depression
38888,Depression
12460,Suicidal
42652,Normal
8397,Normal
22740,Depression
23646,Normal
25565,Normal
44841,Anxiety
31815,Depression
35926,Normal
48202,Anxiety
25805,Normal
4718,Normal
6696,Normal
25480,Normal
10670,Suicidal
21869,Depression
40752,Anxiety
19078,Suicidal
34912,Normal
1076,Normal
41436,Depression
19222,Suicidal
15725,Suicidal
10789,Depression
44059,Depression
39059,Depression
4318,Normal
48990,Suicidal
3849,Normal
9145,Suicidal
20992,Suicidal
5427,Normal
45102,Normal
6741,Suicidal
1202,Normal
9397,Depression
40341,Anxiety
28564,Anxiety
27099,Normal
45961,Anxiety
29454,Normal
15594,Suicidal
11916,Suicidal
39620,Anxiety
28123,Anxiety
22249,Depression
10320,Anxiety
45095,Depression
21710,Suicidal
13793,Depression
9013,Depression
22494,Suicidal
14965,Suicidal
49492,Depression
1845,Normal
29229,Anxiety
11495,Depression
39634,Anxiety
8802,Suicidal
31656,Depression
39788,Anxiety
25955,Normal
19263,Depression
12698,Suicidal
44548,Depression
12076,Suicidal
40901,Anxiety
38999,Depression
27967,Anxiety
25752,Normal
3267,Normal
19137,Suicidal
39470,Depression
7678,Suicidal
40741,Anxiety
6919,Depression
9245,Suicidal
373,Anxiety
29758,Suicidal
25416,Normal
39909,Anxiety
21963,Depression
25291,Normal
49532,Anxiety
48935,Depression
23835,Normal
23655,Depression
19557,Suicidal
42488,Normal
10236,Depression
29176,Anxiety
39437,Anxiety
11162,Suicidal
26764,Normal
3011,Normal
32245,Normal
39738,Anxiety
12070,Depression
48404,Suicidal
36548,Normal
39933,Anxiety
4537,Normal
29346,Normal
42069,Suicidal
14319,Depression
46191,Normal
487,Anxiety
48879,Normal
45587,Depression
48644,Depression
45708,Normal
40651,Anxiety
10321,Suicidal
35059,Normal
41335,Depression
10107,Depression
22017,Suicidal
31012,Suicidal
43478,Anxiety
13385,Suicidal
39811,Anxiety
4069,Normal
29245,Anxiety
34337,Normal
28527,Depression
31238,Normal
33272,Depression
20595,Depression
25933,Normal
46335,Suicidal
9215,Normal
28822,Anxiety
47525,Suicidal
37669,Normal
33123,Depression
25798,Normal
48905,Anxiety
12951,Suicidal
43095,Suicidal
10156,Suicidal
20633,Depression
13876,Suicidal
14387,Depression
45686,Anxiety
18381,Suicidal
1706,Normal
39423,Anxiety
22560,Suicidal
46505,Anxiety
40853,Anxiety
41748,Normal
11272,Depression
6852,Suicidal
26018,Normal
45090,Suicidal
48999,Anxiety
13372,Suicidal
28566,Normal
48717,Depression
32142,Depression
18628,Depression
38755,Depression
24959,Normal
40552,Anxiety
35702,Normal
25916,Normal
10869,Depression
48706,Depression
44742,Normal
7834,Depression
18811,Suicidal
39676,Anxiety
48178,Depression
18679,Depression
33989,Depression
29512,Normal
10932,Suicidal
44525,Depression
9542,Normal
33821,Depression
32644,Depression
3300,Normal
40652,Depression
21220,Suicidal
39756,Anxiety
20955,Suicidal
23351,Normal
38794,Depression
19408,Depression
12528,Depression
20642,Depression
47125,Anxiety
18564,Suicidal
26863,Normal
34036,Depression
24849,Normal
11900,Depression
38752,Depression
19214,Depression
25065,Normal
49076,Anxiety
38754,Depression
8893,Depression
14785,Normal
10296,Suicidal
15084,Depression
29487,Normal
20491,Suicidal
18,Anxiety
41994,Suicidal
34982,Normal
44411,Anxiety
35139,Normal
28739,Anxiety
30766,Normal
36086,Normal
5133,Normal
46468,Depression
10424,Suicidal
48554,Normal
8796,Suicidal
8249,Depression
8254,Suicidal
18048,Suicidal
30941,Normal
19112,Suicidal
49444,Depression
24367,Normal
848,Normal
23480,Normal
49436,Depression
15951,Suicidal
360,Depression
28498,Anxiety
14124,Suicidal
1744,Normal
41153,Suicidal
7657,Depression
43080,Suicidal
12465,Suicidal
5407,Normal
33511,Depression
15153,Suicidal
18889,Suicidal
755,Normal
39671,Anxiety
18820,Depression
6779,Suicidal
28846,Anxiety
20094,Depression
414,Anxiety
13336,Suicidal
34717,Normal
11985,Suicidal
195,Anxiety
13454,Depression
38806,Depression
8316,Suicidal
32248,Normal
38889,Depression
28266,Anxiety
11975,Depression
38666,Depression
22946,Normal
35744,Anxiety
41857,Anxiety
28993,Anxiety
46742,Normal
39384,Depression
14891,Suicidal
2521,Normal
40744,Anxiety
28744,Anxiety
22549,Depression
12955,Depression
48205,Depression
28520,Anxiety
304,Suicidal
8865,Depression
44446,Anxiety
418,Anxiety
42866,Depression
40526,Normal
697,Anxiety
8038,Suicidal
49606,Suicidal
17822,Depression
21774,Depression
11552,Suicidal
39080,Depression
40014,Anxiety
47617,Suicidal
40367,Depression
15885,Suicidal
2559,Normal
43688,Suicidal
32665,Normal
46632,Suicidal
42366,Normal
4232,Normal
28051,Normal
39724,Depression
9560,Suicidal
47653,Depression
40881,Depression
35512,Depression
79,Anxiety
24251,Normal
48558,Suicidal
15415,Suicidal
43305,Normal
14756,Depression
40159,Suicidal
140,Normal
4838,Normal
13338,Normal
17327,Depression
38803,Normal
43940,Anxiety
47872,Anxiety
39262,Anxiety
17948,Suicidal
39367,Anxiety
28872,Anxiety
49437,Anxiety
23625,Normal
37966,Normal
11182,Suicidal
14054,Suicidal
28099,Anxiety
23379,Normal
22811,Depression
44623,Depression
32249,Depression
35067,Normal
48505,Anxiety
16401,Suicidal
24528,Normal
31855,Depression
28063,Anxiety
36550,Normal
16298,Depression
9639,Suicidal
44100,Normal
15660,Suicidal
47368,Anxiety
12549,Depression
18887,Suicidal
636,Normal
442,Anxiety
44273,Depression
39349,Depression
327,Anxiety
30343,Normal
16764,Depression
16680,Depression
18578,Normal
28628,Anxiety
31229,Normal
22411,Suicidal
46346,Depression
20336,Suicidal
30702,Normal
45819,Depression
43558,Suicidal
25321,Normal
19348,Suicidal
225,Anxiety
5479,Normal
29704,Normal
24431,Normal
30809,Suicidal
27784,Normal
5819,Normal
7700,Suicidal
39858,Anxiety
48066,Anxiety
34776,Normal
26295,Normal
943,Normal
36273,Normal
9666,Suicidal
4752,Normal
31830,Depression
3684,Normal
49313,Depression
46279,Depression
15417,Suicidal
36353,Normal
27854,Normal
29708,Normal
49071,Depression
22290,Depression
8011,Depression
44676,Anxiety
13058,Normal
20260,Normal
13180,Depression
34884,Normal
10938,Depression
8392,Normal
49542,Anxiety
44426,Anxiety
47081,Normal
47119,Suicidal
28723,Anxiety
10248,Depression
28000,Normal
2696,Normal
2111,Normal
3532,Normal
19022,Suicidal
27852,Anxiety
6199,Normal
20044,Suicidal
37834,Normal
22013,Suicidal
27930,Anxiety
41609,Anxiety
338,Anxiety
31214,Normal
23976,Normal
21167,Depression
48261,Anxiety
28171,Anxiety
15851,Depression
20276,Suicidal
6864,Suicidal
44147,Suicidal
29489,Suicidal
35399,Normal
2803,Normal
35537,Normal
22877,Normal
29145,Anxiety
39224,Anxiety
40986,Anxiety
19070,Suicidal
28794,Anxiety
28008,Anxiety
32529,Depression
2858,Normal
18580,Suicidal
30442,Normal
3479,Normal
26799,Normal
7664,Depression
5623,Normal
26496,Normal
26332,Normal
29248,Anxiety
2841,Normal
45578,Anxiety
21496,Depression
29241,Anxiety
14801,Depression
44936,Depression
29316,Normal
40251,Anxiety
39449,Depression
39245,Normal
40235,Normal
42833,Normal
42600,Suicidal
12653,Depression
46262,Suicidal
18227,Normal
42140,Normal
49013,Depression
44541,Depression
18057,Depression
39749,Depression
38542,Depression
12204,Suicidal
26866,Normal
9121,Suicidal
20990,Depression
48047,Suicidal
33561,Depression
29089,Anxiety
48023,Depression
29634,Normal
47639,Normal
41764,Anxiety
860,Normal
37017,Normal
45597,Normal
21692,Anxiety
38365,Depression
16301,Depression
6912,Suicidal
27876,Normal
667,Anxiety
23443,Normal
36924,Normal
31295,Depression
10173,Depression
14180,Suicidal
43575,Depression
5128,Normal
47437,Anxiety
38498,Suicidal
33463,Depression
23601,Normal
31854,Depression
32233,Depression
39891,Anxiety
4102,Normal
43577,Suicidal
39782,Depression
46624,Depression
47263,Anxiety
17538,Anxiety
16979,Suicidal
41182,Normal
40539,Suicidal
48773,Suicidal
30083,Normal
31159,Depression
16244,Suicidal
19786,Depression
10196,Depression
23886,Normal
32062,Depression
45727,Normal
46385,Normal
3671,Normal
37772,Normal
5916,Normal
25997,Normal
455,Anxiety
21472,Suicidal
29880,Normal
48964,Normal
39650,Anxiety
6670,Normal
10338,Suicidal
33128,Depression
2264,Normal
48411,Anxiety
8916,Normal
13628,Suicidal
34246,Depression
40431,Anxiety
4,Anxiety
12891,Depression
28753,Anxiety
39976,Anxiety
38232,Depression
14702,Depression
35,Anxiety
45635,Suicidal
18311,Normal
11787,Depression
33629,Depression
7288,Depression
26188,Normal
37387,Normal
20427,Suicidal
16414,Depression
43628,Depression
46758,Depression
34335,Normal
10289,Depression
31492,Depression
7014,Depression
8609,Normal
47551,Depression
36027,Depression
30762,Normal
62,Anxiety
38423,Depression
43680,Suicidal
22829,Suicidal
41916,Depression
10408,Suicidal
39189,Anxiety
8716,Depression
37864,Normal
19952,Anxiety
28172,Anxiety
49065,Suicidal
39763,Anxiety
38796,Depression
12571,Suicidal
11105,Depression
39409,Depression
34149,Depression
8297,Depression
18785,Suicidal
41947,Normal
26975,Normal
45180,Depression
38707,Depression
42947,Anxiety
125,Normal
42872,Depression
138,Anxiety
22400,Suicidal
15900,Suicidal
22239,Suicidal
656,Anxiety
45432,Normal
3814,Normal
540,Anxiety
19658,Suicidal
28964,Anxiety
28603,Anxiety
28577,Anxiety
41763,Anxiety
33673,Depression
5003,Normal
4680,Normal
4825,Normal
47122,Anxiety
10837,Suicidal
17617,Suicidal
28578,Anxiety
6753,Depression
35376,Normal
37892,Normal
6866,Depression
2690,Normal
10495,Depression
7850,Suicidal
5753,Normal
41059,Normal
22141,Depression
39595,Anxiety
18111,Suicidal
40627,Anxiety
47241,Anxiety
14779,Suicidal
20089,Depression
17419,Suicidal
41162,Suicidal
15125,Suicidal
35194,Normal
21596,Suicidal
17005,Suicidal
30501,Suicidal
47679,Depression
44177,Depression
7200,Normal
34118,Depression
13235,Depression
16892,Suicidal
2318,Normal
37520,Normal
46712,Depression
10441,Suicidal
45374,Depression
1350,Normal
48530,Anxiety
135,Anxiety
27957,Anxiety
12224,Suicidal
39942,Normal
35758,Normal
13286,Normal
28340,Anxiety
6485,Normal
36032,Normal
9092,Suicidal
25280,Normal
2575,Normal
28897,Anxiety
49262,Anxiety
7629,Suicidal
21573,Suicidal
18069,Depression
39227,Anxiety
18141,Anxiety
37435,Normal
45151,Depression
43027,Depression
31603,Depression
9116,Suicidal
19008,Depression
9301,Suicidal
12121,Depression
26890,Normal
47814,Suicidal
45465,Normal
42105,Normal
1210,Normal
1608,Normal
12240,Suicidal
39498,Depression
17170,Suicidal
32905,Depression
31720,Depression
26385,Normal
42844,Depression
25167,Normal
32450,Depression
35811,Normal
43161,Depression
40081,Anxiety
43106,Depression
30212,Normal
16090,Suicidal
47583,Suicidal
42108,Anxiety
2124,Normal
28634,Normal
13231,Normal
6992,Suicidal
12466,Depression
116,Anxiety
602,Anxiety
24928,Normal
28857,Anxiety
27097,Normal
5732,Normal
14622,Suicidal
29025,Anxiety
9225,Depression
9164,Depression
41544,Anxiety
15414,Depression
21103,Normal
17069,Suicidal
24734,Normal
9824,Suicidal
5727,Normal
45764,Depression
39963,Anxiety
11854,Suicidal
34765,Normal
233,Anxiety
37684,Normal
38261,Depression
9579,Depression
28133,Anxiety
10612,Depression
21984,Suicidal
32174,Normal
30270,Normal
31697,Depression
24423,Normal
36812,Normal
49279,Anxiety
13300,Suicidal
17378,Depression
24449,Normal
44985,Depression
25966,Normal
42568,Depression
775,Normal
2267,Normal
19249,Depression
38782,Depression
36281,Normal
22203,Depression
48896,Anxiety
32531,Depression
16763,Depression
21537,Suicidal
42401,Anxiety
9051,Suicidal
42859,Depression
47731,Normal
31756,Depression
7845,Suicidal
43109,Depression
12056,Suicidal
18183,Normal
46913,Suicidal
33563,Depression
537,Anxiety
7558,Suicidal
47382,Suicidal
13490,Depression
20846,Suicidal
542,Anxiety
25660,Normal
46305,Anxiety
4804,Normal
47732,Suicidal
39007,Depression
14297,Depression
36051,Normal
34684,Normal
24177,Normal
35362,Normal
46811,Anxiety
34663,Normal
28102,Anxiety
214,Anxiety
48080,Suicidal
29423,Normal
40096,Anxiety
8918,Normal
45216,Normal
8094,Depression
3846,Normal
7499,Suicidal
6694,Normal
45700,Depression
10016,Depression
46118,Suicidal
14681,Suicidal
38191,Depression
17143,Depression
24172,Normal
33152,Normal
17558,Depression
17915,Suicidal
42969,Anxiety
28845,Anxiety
44688,Suicidal
14194,Normal
9494,Depression
12623,Depression
41080,Normal
12737,Depression
45867,Depression
34028,Depression
8906,Suicidal
28007,Anxiety
13107,Suicidal
38328,Depression
9259,Suicidal
19909,Depression
30921,Suicidal
47619,Suicidal
30571,Normal
26994,Normal
41223,Normal
31134,Normal
25534,Normal
34661,Normal
28032,Anxiety
24326,Normal
44161,Suicidal
12716,Depression
21097,Suicidal
43239,Normal
4616,Normal
27878,Anxiety
19913,Depression
28283,Anxiety
39524,Anxiety
31237,Depression
3726,Normal
13075,Suicidal
10621,Suicidal
27233,Normal
33190,Normal
34325,Normal
16197,Depression
31090,Depression
3647,Normal
28832,Anxiety
42063,Suicidal
18125,Depression
15298,Suicidal
45254,Suicidal
39534,Depression
25586,Normal
33660,Depression
40358,Anxiety
13563,Suicidal
48382,Suicidal
16975,Depression
25562,Suicidal
39837,Anxiety
31999,Anxiety
42111,Anxiety
29270,Anxiety
8147,Depression
27437,Normal
9059,Depression
3761,Normal
9840,Suicidal
1365,Normal
34113,Anxiety
20832,Depression
9588,Suicidal
42109,Depression
46863,Suicidal
2097,Normal
30090,Normal
46771,Normal
12354,Suicidal
41189,Suicidal
47885,Depression
46114,Suicidal
27838,Anxiety
43260,Suicidal
14829,Suicidal
48355,Normal
16779,Suicidal
22189,Depression
15883,Depression
30695,Normal
24497,Normal
